channel_model,param1,param2,k,n,depth,blocks,seed,block_recovery_rate,residual_packet_loss,encode_us_mean,encode_us_p99,decode_us_mean,decode_us_p99,interleaver_us_mean,interleaver_us_p99,peak_mem_bytes,latency_ms
uniform,0.01,,8,12,1,10000,14592251008053203194,1.000000,0.000000,17.010,19.828,4.524,8.647,,,179136,17.160
uniform,0.01,,8,12,1,10000,15131275731391896864,1.000000,0.000000,16.915,19.717,4.685,8.607,,,179136,17.160
uniform,0.01,,8,12,1,10000,11573027147204422222,1.000000,0.000000,16.906,19.577,4.554,8.666,,,179136,17.160
uniform,0.05,,8,12,1,10000,962852841153794480,0.999900,0.000037,16.895,19.567,5.096,12.824,,,179136,17.160
uniform,0.05,,8,12,1,10000,2884669074019896124,0.999600,0.000162,16.907,19.467,5.200,12.825,,,179136,17.160
uniform,0.05,,8,12,1,10000,14288350625698372975,1.000000,0.000000,16.898,19.497,5.095,12.815,,,179136,17.160
uniform,0.1,,8,12,1,10000,7996022661295210066,0.996000,0.001863,16.915,19.657,6.115,12.995,,,179136,17.160
uniform,0.1,,8,12,1,10000,2325494507792890004,0.996600,0.001450,16.898,19.677,6.079,12.865,,,179136,17.160
uniform,0.1,,8,12,1,10000,10772770360333752818,0.996700,0.001437,16.913,19.497,5.972,12.855,,,179136,17.160
uniform,0.2,,8,12,1,10000,17700616208992460874,0.928400,0.031650,16.909,19.537,7.620,17.092,,,179136,17.160
uniform,0.2,,8,12,1,10000,17109082089479076945,0.928800,0.031413,16.913,19.728,7.593,17.092,,,179136,17.160
uniform,0.2,,8,12,1,10000,1507227158698609310,0.926600,0.032113,16.904,19.457,7.622,17.093,,,179136,17.160
uniform,0.3,,8,12,1,10000,9484734225653871373,0.730900,0.125638,16.892,19.426,8.788,17.103,,,179136,17.160
uniform,0.3,,8,12,1,10000,15895480240649402700,0.727900,0.127625,16.913,19.717,8.787,17.103,,,179136,17.160
uniform,0.3,,8,12,1,10000,18408728522481117289,0.721900,0.129700,16.926,19.918,8.905,17.103,,,179136,17.160
ge,2,100,8,12,1,10000,13764615221283587472,0.993500,0.003675,16.935,19.788,7.257,17.133,,,179136,17.160
ge,2,100,8,12,1,10000,14057361751825303832,0.993500,0.003863,16.929,19.818,7.472,17.122,,,179136,17.160
ge,2,100,8,12,1,10000,3799789106081763056,0.993100,0.003275,16.898,19.447,6.841,17.092,,,179136,17.160
ge,5,100,8,12,1,10000,3123779003754443189,0.954100,0.029362,16.906,19.407,9.020,17.163,,,179136,17.160
ge,5,100,8,12,1,10000,2796559716812270566,0.951500,0.032000,17.345,20.899,9.578,19.968,,,179136,17.160
ge,5,100,8,12,1,10000,14419531570187978349,0.952100,0.031863,16.912,19.517,8.961,17.122,,,179136,17.160
ge,10,100,8,12,1,10000,5607200686639637375,0.893500,0.078925,16.986,19.947,9.927,17.593,,,179136,17.160
ge,10,100,8,12,1,10000,4870401576195411530,0.895800,0.077950,16.898,19.397,9.571,17.173,,,179136,17.160
ge,10,100,8,12,1,10000,11024369235124357731,0.898900,0.075912,16.899,19.517,9.628,17.083,,,179136,17.160
ge,20,100,8,12,1,10000,17654499724181561432,0.809400,0.160125,16.923,19.767,10.479,17.143,,,179136,17.160
ge,20,100,8,12,1,10000,6286569257586256953,0.824600,0.147725,16.925,20.038,9.658,17.262,,,179136,17.160
ge,20,100,8,12,1,10000,13271101651711076956,0.812400,0.157625,16.898,19.747,10.249,17.192,,,179136,17.160
ge,2,1000,8,12,1,10000,9954214585075526297,0.999800,0.000175,16.900,19.958,7.942,17.413,,,179136,17.160
ge,2,1000,8,12,1,10000,8755491976939087057,0.999300,0.000362,16.955,19.908,6.784,17.242,,,179136,17.160
ge,2,1000,8,12,1,10000,9691503877528755244,0.999400,0.000375,17.010,20.069,7.001,17.744,,,179136,17.160
ge,5,1000,8,12,1,10000,6567965153088088435,0.996200,0.002300,16.968,20.078,8.994,17.533,,,179136,17.160
ge,5,1000,8,12,1,10000,15071546564520470367,0.994500,0.003450,16.950,19.758,9.209,17.292,,,179136,17.160
ge,5,1000,8,12,1,10000,7444847171171486964,0.995700,0.002812,16.956,20.088,9.312,18.846,,,179136,17.160
ge,10,1000,8,12,1,10000,7553946500577862433,0.989700,0.007912,16.902,20.068,10.079,17.503,,,179136,17.160
ge,10,1000,8,12,1,10000,16239942967073409871,0.990800,0.006012,16.925,19.718,9.194,17.213,,,179136,17.160
ge,10,1000,8,12,1,10000,11953724897151151992,0.988600,0.008275,16.911,19.777,9.603,18.435,,,179136,17.160
ge,20,1000,8,12,1,10000,16248310304916082044,0.974800,0.021562,16.903,20.078,10.925,17.303,,,179136,17.160
ge,20,1000,8,12,1,10000,3096375030035860854,0.976700,0.019425,17.136,20.569,11.243,19.798,,,179136,17.160
ge,20,1000,8,12,1,10000,2225452381879712134,0.981900,0.015863,16.949,19.768,15.447,20.139,,,179136,17.160
periodic,5,1,8,12,1,10000,13100001776844106680,1.000000,0.000000,16.920,19.797,6.873,9.127,,,179136,17.160
periodic,5,1,8,12,1,10000,2611994543363328680,1.000000,0.000000,17.231,21.631,7.026,10.850,,,179136,17.160
periodic,5,1,8,12,1,10000,12846327452232552463,1.000000,0.000000,17.377,21.521,7.066,10.870,,,179136,17.160
periodic,10,1,8,12,1,10000,11882457511975098647,1.000000,0.000000,17.465,21.551,4.483,6.022,,,179136,17.160
periodic,10,1,8,12,1,10000,13758019269291205001,1.000000,0.000000,17.370,21.261,4.454,5.681,,,179136,17.160
periodic,10,1,8,12,1,10000,15101073321033496574,1.000000,0.000000,17.304,21.140,4.444,6.332,,,179136,17.160
periodic,20,1,8,12,1,10000,734699885367904249,1.000000,0.000000,17.436,21.300,4.466,5.090,,,179136,17.160
periodic,20,1,8,12,1,10000,4211095226099945924,1.000000,0.000000,17.358,21.270,4.447,5.240,,,179136,17.160
periodic,20,1,8,12,1,10000,16435365111697733088,1.000000,0.000000,17.510,21.671,4.486,6.612,,,179136,17.160
uniform,0.01,,8,12,2,10000,4959409812076644290,1.000000,0.000000,17.310,20.830,4.662,8.957,,,196800,29.320
uniform,0.01,,8,12,2,10000,13890427992222733445,1.000000,0.000000,17.481,21.261,4.848,9.158,,,196800,29.320
uniform,0.01,,8,12,2,10000,15201487656494518613,1.000000,0.000000,17.390,21.301,4.765,8.936,,,196800,29.320
uniform,0.05,,8,12,2,10000,9788490470041287948,0.999700,0.000125,17.341,21.240,5.240,13.075,,,196800,29.320
uniform,0.05,,8,12,2,10000,6802193928143874084,0.999800,0.000112,17.321,21.260,5.414,13.125,,,196800,29.320
uniform,0.05,,8,12,2,10000,17593376047385388227,0.999700,0.000112,17.391,21.240,5.268,13.135,,,196800,29.320
uniform,0.1,,8,12,2,10000,8226857876613277120,0.996300,0.001662,17.573,21.731,6.296,13.606,,,196800,29.320
uniform,0.1,,8,12,2,10000,370499095024154401,0.996600,0.001375,17.528,21.380,6.171,13.646,,,196800,29.320
uniform,0.1,,8,12,2,10000,1510278879716086916,0.996000,0.001713,17.495,21.781,6.236,15.689,,,196800,29.320
uniform,0.2,,8,12,2,10000,2836428315120278533,0.924200,0.033313,17.355,21.240,7.733,17.493,,,196800,29.320
uniform,0.2,,8,12,2,10000,12147308866205947659,0.926500,0.033075,17.456,21.351,7.865,17.654,,,196800,29.320
uniform,0.2,,8,12,2,10000,401411296077377378,0.927400,0.032637,17.564,21.761,7.888,17.593,,,196800,29.320
uniform,0.3,,8,12,2,10000,15622898619502831516,0.725700,0.127887,17.457,21.501,9.086,17.593,,,196800,29.320
uniform,0.3,,8,12,2,10000,2968069152817850167,0.724000,0.129625,17.437,21.431,9.155,17.704,,,196800,29.320
uniform,0.3,,8,12,2,10000,6131857487765795064,0.719200,0.131188,17.569,21.731,9.203,17.754,,,196800,29.320
ge,2,100,8,12,2,10000,12455481921278355789,0.998900,0.000525,17.482,21.631,6.001,17.563,,,196800,29.320
ge,2,100,8,12,2,10000,15613361901512625500,0.998700,0.000538,17.379,21.300,6.042,17.473,,,196800,29.320
ge,2,100,8,12,2,10000,8203585332658298892,0.999700,0.000063,17.367,21.180,5.943,17.433,,,196800,29.320
ge,5,100,8,12,2,10000,17072071809447833108,0.969300,0.017650,17.498,21.441,8.091,17.734,,,196800,29.320
ge,5,100,8,12,2,10000,6603360153045169540,0.963600,0.019938,17.431,21.341,8.327,17.864,,,196800,29.320
ge,5,100,8,12,2,10000,14363706017126727863,0.965300,0.019088,17.566,22.313,8.438,17.693,,,196800,29.320
ge,10,100,8,12,2,10000,17450071103506470890,0.908000,0.061225,17.350,21.391,9.235,19.908,,,196800,29.320
ge,10,100,8,12,2,10000,16260185020908320904,0.903500,0.060887,17.372,21.180,9.055,17.773,,,196800,29.320
ge,10,100,8,12,2,10000,16767957785317707209,0.905400,0.062000,17.483,21.380,9.371,17.854,,,196800,29.320
ge,20,100,8,12,2,10000,25190584354861513,0.809500,0.143150,17.454,21.400,10.192,18.255,,,196800,29.320
ge,20,100,8,12,2,10000,9204885224445862916,0.812000,0.142075,17.377,21.250,10.220,18.074,,,196800,29.320
ge,20,100,8,12,2,10000,14766463956440462569,0.816600,0.136700,17.338,21.230,9.870,17.744,,,196800,29.320
ge,2,1000,8,12,2,10000,8579735025454703038,0.999800,0.000100,17.454,21.451,6.166,17.713,,,196800,29.320
ge,2,1000,8,12,2,10000,6561254157110429571,1.000000,0.000000,17.458,21.340,6.015,13.696,,,196800,29.320
ge,2,1000,8,12,2,10000,410949857885299948,1.000000,0.000000,17.395,21.251,5.770,13.555,,,196800,29.320
ge,5,1000,8,12,2,10000,7364842887994936681,0.997600,0.001225,17.396,21.200,8.250,17.974,,,196800,29.320
ge,5,1000,8,12,2,10000,7817533889212259067,0.995600,0.002237,17.377,21.270,8.330,17.653,,,196800,29.320
ge,5,1000,8,12,2,10000,10353942501636667835,0.997400,0.001187,17.404,21.120,7.901,17.623,,,196800,29.320
ge,10,1000,8,12,2,10000,1870399417646796121,0.990000,0.005550,17.448,21.200,9.409,17.754,,,196800,29.320
ge,10,1000,8,12,2,10000,12983207030925713620,0.990600,0.006375,17.353,21.170,9.268,17.874,,,196800,29.320
ge,10,1000,8,12,2,10000,10637121105819468671,0.990400,0.006375,17.368,21.210,8.300,17.603,,,196800,29.320
ge,20,1000,8,12,2,10000,17967908698206224761,0.975900,0.018250,17.399,21.381,10.390,18.505,,,196800,29.320
ge,20,1000,8,12,2,10000,11206957826593186236,0.973100,0.020700,17.426,21.331,9.151,17.844,,,196800,29.320
ge,20,1000,8,12,2,10000,6368716346075050128,0.981400,0.013413,17.606,21.501,9.843,17.965,,,196800,29.320
periodic,5,1,8,12,2,10000,4121652808091405147,1.000000,0.000000,17.515,21.390,7.124,10.500,,,196800,29.320
periodic,5,1,8,12,2,10000,465183847025603874,1.000000,0.000000,17.385,21.180,7.071,10.009,,,196800,29.320
periodic,5,1,8,12,2,10000,12560626997507922263,1.000000,0.000000,17.499,21.370,7.126,10.500,,,196800,29.320
periodic,10,1,8,12,2,10000,998183819353684604,1.000000,0.000000,17.512,21.401,7.110,10.049,,,196800,29.320
periodic,10,1,8,12,2,10000,9841162411914489053,1.000000,0.000000,17.460,21.300,7.102,10.430,,,196800,29.320
periodic,10,1,8,12,2,10000,7356558411594439508,1.000000,0.000000,17.431,21.310,7.120,10.169,,,196800,29.320
periodic,20,1,8,12,2,10000,18075917544999933958,1.000000,0.000000,17.526,21.370,4.501,5.661,,,196800,29.320
periodic,20,1,8,12,2,10000,4449450166920220122,1.000000,0.000000,17.554,21.431,4.493,5.240,,,196800,29.320
periodic,20,1,8,12,2,10000,3835718846038952762,1.000000,0.000000,17.481,21.360,4.488,5.701,,,196800,29.320
uniform,0.01,,8,12,4,10000,16522878805558571796,1.000000,0.000000,17.410,21.220,4.632,8.997,,,232128,53.640
uniform,0.01,,8,12,4,10000,13911882483494241882,1.000000,0.000000,17.443,21.150,4.644,8.997,,,232128,53.640
uniform,0.01,,8,12,4,10000,13604510954101610738,1.000000,0.000000,17.479,21.270,4.676,8.987,,,232128,53.640
uniform,0.05,,8,12,4,10000,15707668516842392401,0.999900,0.000050,17.466,21.330,5.299,13.195,,,232128,53.640
uniform,0.05,,8,12,4,10000,4062403525201248500,0.999800,0.000087,17.531,21.732,5.380,13.225,,,232128,53.640
uniform,0.05,,8,12,4,10000,5380880507770764522,0.999800,0.000087,17.451,21.551,5.287,13.165,,,232128,53.640
uniform,0.1,,8,12,4,10000,11367048128334016189,0.995300,0.001975,17.610,21.841,6.270,14.408,,,232128,53.640
uniform,0.1,,8,12,4,10000,547894991860056883,0.996000,0.001737,17.633,21.652,6.215,13.666,,,232128,53.640
uniform,0.1,,8,12,4,10000,1364814141912166748,0.994600,0.002175,17.498,21.601,6.184,13.395,,,232128,53.640
uniform,0.2,,8,12,4,10000,9436434948544067457,0.928900,0.031750,17.465,21.611,7.894,17.524,,,232128,53.640
uniform,0.2,,8,12,4,10000,15447835092050391833,0.930500,0.030912,17.545,21.571,7.888,17.704,,,232128,53.640
uniform,0.2,,8,12,4,10000,17264690616149260417,0.925600,0.032688,17.516,21.521,7.875,17.633,,,232128,53.640
uniform,0.3,,8,12,4,10000,7926246277466214520,0.730500,0.126663,17.449,21.390,9.080,17.624,,,232128,53.640
uniform,0.3,,8,12,4,10000,796430686864360516,0.727700,0.127875,17.413,21.200,9.221,17.603,,,232128,53.640
uniform,0.3,,8,12,4,10000,6907034817749496069,0.723200,0.130513,17.548,21.510,9.274,17.833,,,232128,53.640
ge,2,100,8,12,4,10000,1601392492191049433,0.999900,0.000037,17.661,21.771,5.096,9.969,,,232128,53.640
ge,2,100,8,12,4,10000,7409658951398704603,0.999800,0.000112,17.425,21.331,5.085,12.473,,,232128,53.640
ge,2,100,8,12,4,10000,13349905268229240895,1.000000,0.000000,17.432,21.311,5.093,9.047,,,232128,53.640
ge,5,100,8,12,4,10000,1200606846042593871,0.986700,0.005975,17.488,21.331,7.137,17.603,,,232128,53.640
ge,5,100,8,12,4,10000,7029625570506231135,0.987500,0.005712,17.515,21.420,7.023,17.674,,,232128,53.640
ge,5,100,8,12,4,10000,3666613055461966506,0.988800,0.005550,17.501,21.440,7.061,17.653,,,232128,53.640
ge,10,100,8,12,4,10000,470634412306107487,0.920600,0.046187,17.449,21.381,8.562,17.634,,,232128,53.640
ge,10,100,8,12,4,10000,17724023678531216040,0.925500,0.042263,17.403,21.261,8.413,17.704,,,232128,53.640
ge,10,100,8,12,4,10000,18098838230210493465,0.920700,0.045125,17.502,21.381,8.149,17.744,,,232128,53.640
ge,20,100,8,12,4,10000,7358904933284410745,0.820200,0.114212,17.490,21.391,9.476,17.783,,,232128,53.640
ge,20,100,8,12,4,10000,17577343360647672371,0.820400,0.118650,17.438,21.341,9.785,17.703,,,232128,53.640
ge,20,100,8,12,4,10000,15040285114852173228,0.820800,0.114513,17.438,21.380,9.361,17.783,,,232128,53.640
ge,2,1000,8,12,4,10000,11304037893462708558,1.000000,0.000000,17.445,21.300,4.599,8.837,,,232128,53.640
ge,2,1000,8,12,4,10000,10675765895280261590,1.000000,0.000000,17.534,21.461,4.787,9.377,,,232128,53.640
ge,2,1000,8,12,4,10000,7434738299858078886,1.000000,0.000000,17.590,21.521,4.713,8.887,,,232128,53.640
ge,5,1000,8,12,4,10000,12379409511084997316,0.999900,0.000063,17.559,21.450,6.946,17.964,,,232128,53.640
ge,5,1000,8,12,4,10000,6248661471733801888,0.998900,0.000500,17.503,21.461,6.584,17.503,,,232128,53.640
ge,5,1000,8,12,4,10000,6028805525172061198,0.999700,0.000037,17.433,21.331,6.175,17.613,,,232128,53.640
ge,10,1000,8,12,4,10000,13148117461830021618,0.991500,0.004913,17.532,21.451,8.383,17.874,,,232128,53.640
ge,10,1000,8,12,4,10000,2460685900297177355,0.992500,0.004825,17.534,21.491,8.521,17.884,,,232128,53.640
ge,10,1000,8,12,4,10000,8850736538529437608,0.996300,0.002087,17.507,21.360,8.736,17.994,,,232128,53.640
ge,20,1000,8,12,4,10000,2758176821205310302,0.975400,0.016275,17.465,21.371,10.152,17.864,,,232128,53.640
ge,20,1000,8,12,4,10000,2902604501212797299,0.982100,0.011700,17.473,21.340,9.671,18.115,,,232128,53.640
ge,20,1000,8,12,4,10000,13024206281024316028,0.985000,0.009737,17.525,21.291,9.277,17.964,,,232128,53.640
periodic,5,1,8,12,4,10000,11158954617063123305,1.000000,0.000000,17.446,21.380,7.083,10.200,,,232128,53.640
periodic,5,1,8,12,4,10000,15645588381180510326,1.000000,0.000000,17.469,21.351,7.099,10.350,,,232128,53.640
periodic,5,1,8,12,4,10000,18286053710173348128,1.000000,0.000000,17.474,21.330,7.102,10.209,,,232128,53.640
periodic,10,1,8,12,4,10000,9376543757133648495,1.000000,0.000000,17.648,22.001,7.198,11.713,,,232128,53.640
periodic,10,1,8,12,4,10000,14850215694019629216,1.000000,0.000000,17.483,21.431,7.112,10.961,,,232128,53.640
periodic,10,1,8,12,4,10000,10568638685320411501,1.000000,0.000000,17.456,21.380,7.099,10.329,,,232128,53.640
periodic,20,1,8,12,4,10000,15287656019142751604,1.000000,0.000000,17.530,21.541,7.136,10.320,,,232128,53.640
periodic,20,1,8,12,4,10000,16185380380789096309,1.000000,0.000000,17.538,21.420,7.118,9.928,,,232128,53.640
periodic,20,1,8,12,4,10000,5538152792491274968,1.000000,0.000000,17.424,21.040,7.079,9.448,,,232128,53.640
uniform,0.01,,8,12,8,10000,8277919449578317505,1.000000,0.000000,17.447,21.311,4.694,8.957,,,302784,102.280
uniform,0.01,,8,12,8,10000,12856693253317439264,1.000000,0.000000,17.507,21.391,4.674,9.018,,,302784,102.280
uniform,0.01,,8,12,8,10000,13854438997287381787,1.000000,0.000000,17.520,21.371,4.719,9.047,,,302784,102.280
uniform,0.05,,8,12,8,10000,10607499239734584643,0.999900,0.000037,17.499,21.361,5.323,13.255,,,302784,102.280
uniform,0.05,,8,12,8,10000,12478428404986882045,0.999800,0.000100,17.495,21.381,5.310,13.195,,,302784,102.280
uniform,0.05,,8,12,8,10000,7546330715999462659,0.999800,0.000075,17.451,21.381,5.344,13.185,,,302784,102.280
uniform,0.1,,8,12,8,10000,8956225920410514288,0.995100,0.002037,17.541,21.481,6.191,13.516,,,302784,102.280
uniform,0.1,,8,12,8,10000,4963298540812630212,0.994500,0.002325,17.547,21.461,6.219,13.385,,,302784,102.280
uniform,0.1,,8,12,8,10000,2439454108412273680,0.995600,0.001788,17.492,21.361,6.221,13.406,,,302784,102.280
uniform,0.2,,8,12,8,10000,1279351212776385464,0.925700,0.033400,17.469,21.381,7.848,17.613,,,302784,102.280
uniform,0.2,,8,12,8,10000,6841374885923753342,0.926900,0.032488,17.551,21.440,7.886,17.674,,,302784,102.280
uniform,0.2,,8,12,8,10000,10360611627645914588,0.929700,0.031413,17.603,21.440,7.875,17.693,,,302784,102.280
uniform,0.3,,8,12,8,10000,8530594371244411123,0.717100,0.131675,17.486,21.150,9.143,17.694,,,302784,102.280
uniform,0.3,,8,12,8,10000,1537921417400308620,0.726100,0.127463,17.477,21.340,9.128,17.673,,,302784,102.280
uniform,0.3,,8,12,8,10000,3090374623642351914,0.732900,0.125375,17.547,21.390,9.203,17.804,,,302784,102.280
ge,2,100,8,12,8,10000,9930151177248505883,1.000000,0.000000,17.591,21.521,4.819,8.967,,,302784,102.280
ge,2,100,8,12,8,10000,4075005393880939215,1.000000,0.000000,17.521,21.390,4.856,8.977,,,302784,102.280
ge,2,100,8,12,8,10000,768986758923169742,1.000000,0.000000,17.507,21.381,4.879,9.078,,,302784,102.280
ge,5,100,8,12,8,10000,6030165463667840188,0.998700,0.000612,17.567,21.540,5.904,13.435,,,302784,102.280
ge,5,100,8,12,8,10000,17795276154531131830,0.998100,0.000937,17.781,21.831,6.068,15.720,,,302784,102.280
ge,5,100,8,12,8,10000,15711680820221654079,0.998300,0.000763,17.520,21.460,5.943,13.426,,,302784,102.280
ge,10,100,8,12,8,10000,15835904419905842004,0.973000,0.013888,17.509,21.561,7.494,17.704,,,302784,102.280
ge,10,100,8,12,8,10000,10877753495252780401,0.971200,0.014375,17.486,21.641,7.473,17.664,,,302784,102.280
ge,10,100,8,12,8,10000,9123598660490032540,0.963300,0.017988,17.638,21.520,7.345,17.773,,,302784,102.280
ge,20,100,8,12,8,10000,3964130679783721640,0.843300,0.086788,17.549,21.541,8.726,18.525,,,302784,102.280
ge,20,100,8,12,8,10000,16738456977111430413,0.838800,0.093512,17.620,25.849,9.058,17.954,,,302784,102.280
ge,20,100,8,12,8,10000,492885360689198325,0.859500,0.078812,17.567,21.451,8.667,17.733,,,302784,102.280
ge,2,1000,8,12,8,10000,6689441928456642004,1.000000,0.000000,17.576,22.022,4.611,6.813,,,302784,102.280
ge,2,1000,8,12,8,10000,17476429869865270832,1.000000,0.000000,17.604,21.741,4.792,9.237,,,302784,102.280
ge,2,1000,8,12,8,10000,11643058822703392603,1.000000,0.000000,17.598,21.471,4.620,5.360,,,302784,102.280
ge,5,1000,8,12,8,10000,15964630129446768935,0.999600,0.000150,17.487,21.460,5.464,13.295,,,302784,102.280
ge,5,1000,8,12,8,10000,9447472290502799373,1.000000,0.000000,17.476,21.330,5.535,17.433,,,302784,102.280
ge,5,1000,8,12,8,10000,9553603530983313536,1.000000,0.000000,17.553,21.551,5.107,9.508,,,302784,102.280
ge,10,1000,8,12,8,10000,8309992516468313433,0.999700,0.000112,17.546,21.471,6.561,13.466,,,302784,102.280
ge,10,1000,8,12,8,10000,12015586512222903730,0.998300,0.000862,17.617,21.611,7.066,17.774,,,302784,102.280
ge,10,1000,8,12,8,10000,11607471990954128010,0.999200,0.000737,17.577,21.521,7.444,17.624,,,302784,102.280
ge,20,1000,8,12,8,10000,14121630210344950892,0.991900,0.004925,17.575,21.561,8.436,17.964,,,302784,102.280
ge,20,1000,8,12,8,10000,8390678554089956980,0.987100,0.007687,17.589,21.291,8.486,17.824,,,302784,102.280
ge,20,1000,8,12,8,10000,12030603151280437794,0.986800,0.008175,17.566,21.531,8.119,17.674,,,302784,102.280
periodic,5,1,8,12,8,10000,6207833858243225106,1.000000,0.000000,17.529,21.470,7.121,10.039,,,302784,102.280
periodic,5,1,8,12,8,10000,17563910628828972251,1.000000,0.000000,17.471,21.320,7.100,10.149,,,302784,102.280
periodic,5,1,8,12,8,10000,4846423084981794302,1.000000,0.000000,17.563,21.411,7.140,9.969,,,302784,102.280
periodic,10,1,8,12,8,10000,18184598803170208200,1.000000,0.000000,17.580,21.420,7.139,10.369,,,302784,102.280
periodic,10,1,8,12,8,10000,7376750812791847170,1.000000,0.000000,17.488,21.421,7.101,10.150,,,302784,102.280
periodic,10,1,8,12,8,10000,5552608623861167972,1.000000,0.000000,17.491,21.381,7.098,9.749,,,302784,102.280
periodic,20,1,8,12,8,10000,9862925615663886551,1.000000,0.000000,17.576,21.611,7.231,11.041,,,302784,102.280
periodic,20,1,8,12,8,10000,10939832885466090230,1.000000,0.000000,17.562,21.340,7.119,10.109,,,302784,102.280
periodic,20,1,8,12,8,10000,4518359080166242533,1.000000,0.000000,17.471,21.281,7.133,10.470,,,302784,102.280
uniform,0.01,,4,8,1,10000,16230492970859607859,1.000000,0.000000,8.766,11.321,2.282,2.835,,,173248,11.240
uniform,0.01,,4,8,1,10000,5950900637516809035,1.000000,0.000000,8.746,11.312,2.298,4.479,,,173248,11.240
uniform,0.01,,4,8,1,10000,11721083611195525884,1.000000,0.000000,8.815,11.422,2.323,4.479,,,173248,11.240
uniform,0.05,,4,8,1,10000,14932416930386665330,1.000000,0.000000,8.802,11.211,2.430,4.539,,,173248,11.240
uniform,0.05,,4,8,1,10000,5987860720739485046,1.000000,0.000000,8.801,11.392,2.453,4.529,,,173248,11.240
uniform,0.05,,4,8,1,10000,4273135710000567053,0.999900,0.000050,8.798,11.081,2.452,4.519,,,173248,11.240
uniform,0.1,,4,8,1,10000,13872391002632971562,0.999500,0.000300,8.820,11.271,2.630,5.169,,,173248,11.240
uniform,0.1,,4,8,1,10000,5056120824286144233,0.999500,0.000350,8.770,11.502,2.611,6.643,,,173248,11.240
uniform,0.1,,4,8,1,10000,3169714750279830236,0.999700,0.000225,8.784,11.202,2.622,4.558,,,173248,11.240
uniform,0.2,,4,8,1,10000,3765050183475501031,0.989500,0.006775,8.754,11.141,2.995,6.662,,,173248,11.240
uniform,0.2,,4,8,1,10000,16590503159524365631,0.988900,0.006900,8.727,11.011,2.952,6.653,,,173248,11.240
uniform,0.2,,4,8,1,10000,11425038673828113384,0.989300,0.006875,8.496,9.308,2.921,6.442,,,173248,11.240
uniform,0.3,,4,8,1,10000,6839433648391633061,0.939800,0.039125,8.514,9.548,3.238,6.442,,,173248,11.240
uniform,0.3,,4,8,1,10000,15650535112834532713,0.942400,0.037275,8.587,10.791,3.315,6.963,,,173248,11.240
uniform,0.3,,4,8,1,10000,1927646979947748656,0.943600,0.036500,8.492,9.488,3.219,6.442,,,173248,11.240
ge,2,100,4,8,1,10000,15697442691682136402,0.996800,0.002375,8.490,9.629,3.298,8.586,,,173248,11.240
ge,2,100,4,8,1,10000,4682465208168209577,0.996300,0.002425,8.495,9.388,3.325,8.556,,,173248,11.240
ge,2,100,4,8,1,10000,8553819918012863291,0.996600,0.002375,8.484,9.698,3.857,8.607,,,173248,11.240
ge,5,100,4,8,1,10000,10183623627489950170,0.965700,0.027925,8.492,9.608,4.256,8.567,,,173248,11.240
ge,5,100,4,8,1,10000,6527910054327035,0.970800,0.023150,8.483,9.558,4.394,8.606,,,173248,11.240
ge,5,100,4,8,1,10000,10354484457318385761,0.967500,0.026450,8.493,9.578,4.240,8.606,,,173248,11.240
ge,10,100,4,8,1,10000,12627503759148721397,0.919000,0.071025,8.478,9.108,4.719,8.557,,,173248,11.240
ge,10,100,4,8,1,10000,10492005530486593313,0.920300,0.070350,8.492,9.418,4.579,8.567,,,173248,11.240
ge,10,100,4,8,1,10000,2561056217905277190,0.919100,0.072000,8.479,9.178,4.836,8.576,,,173248,11.240
ge,20,100,4,8,1,10000,6858604327268639740,0.835800,0.153275,8.481,9.147,5.210,8.676,,,173248,11.240
ge,20,100,4,8,1,10000,16034574342408569573,0.853600,0.136300,8.480,9.288,4.882,8.576,,,173248,11.240
ge,20,100,4,8,1,10000,10350846036792951792,0.859700,0.129625,8.482,9.177,5.223,8.617,,,173248,11.240
ge,2,1000,4,8,1,10000,2778580523826456343,0.999900,0.000100,8.475,9.087,3.148,6.542,,,173248,11.240
ge,2,1000,4,8,1,10000,16883431196143811116,0.999800,0.000125,8.483,9.117,3.476,6.563,,,173248,11.240
ge,2,1000,4,8,1,10000,18415686118261108413,0.999600,0.000325,8.469,9.057,4.031,8.627,,,173248,11.240
ge,5,1000,4,8,1,10000,12841592382631637085,0.997700,0.001925,8.477,9.078,4.268,8.626,,,173248,11.240
ge,5,1000,4,8,1,10000,2293257465073171327,0.997000,0.002225,8.472,9.067,4.277,8.646,,,173248,11.240
ge,5,1000,4,8,1,10000,1154831223242541325,0.995500,0.003625,8.506,9.097,4.814,8.596,,,173248,11.240
ge,10,1000,4,8,1,10000,2896030383646216425,0.992200,0.006675,8.496,9.187,4.731,8.606,,,173248,11.240
ge,10,1000,4,8,1,10000,13809861568998226383,0.990300,0.008550,8.482,9.087,4.510,8.576,,,173248,11.240
ge,10,1000,4,8,1,10000,14539817710453233521,0.993800,0.005400,8.481,9.599,5.324,8.626,,,173248,11.240
ge,20,1000,4,8,1,10000,15750935399768003997,0.976800,0.022025,8.478,9.097,5.021,8.687,,,173248,11.240
ge,20,1000,4,8,1,10000,6452002627830595346,0.982400,0.016575,8.475,9.077,5.077,8.596,,,173248,11.240
ge,20,1000,4,8,1,10000,294942074785513987,0.977300,0.020775,8.483,9.187,5.302,8.606,,,173248,11.240
periodic,5,1,4,8,1,10000,2915284873177734109,1.000000,0.000000,8.474,9.077,2.191,2.205,,,173248,11.240
periodic,5,1,4,8,1,10000,8244987773374477277,1.000000,0.000000,8.516,10.039,2.199,2.555,,,173248,11.240
periodic,5,1,4,8,1,10000,7113620234662515994,1.000000,0.000000,8.504,10.009,2.196,2.465,,,173248,11.240
periodic,10,1,4,8,1,10000,15814998801813409240,1.000000,0.000000,8.509,10.019,2.197,2.545,,,173248,11.240
periodic,10,1,4,8,1,10000,6141335508301669254,1.000000,0.000000,8.481,9.358,2.193,2.214,,,173248,11.240
periodic,10,1,4,8,1,10000,18062496264985339800,1.000000,0.000000,8.490,9.659,2.196,2.504,,,173248,11.240
periodic,20,1,4,8,1,10000,5727010870720184494,1.000000,0.000000,8.482,9.077,2.198,2.224,,,173248,11.240
periodic,20,1,4,8,1,10000,11712355104721180907,1.000000,0.000000,8.488,9.698,2.196,2.505,,,173248,11.240
periodic,20,1,4,8,1,10000,997404693634727159,1.000000,0.000000,8.493,9.518,2.193,2.215,,,173248,11.240
uniform,0.01,,4,8,2,10000,11850100562927688821,1.000000,0.000000,8.491,9.628,2.246,4.328,,,185024,17.480
uniform,0.01,,4,8,2,10000,15590845416425688614,1.000000,0.000000,8.482,9.148,2.270,4.579,,,185024,17.480
uniform,0.01,,4,8,2,10000,13175848483349520311,1.000000,0.000000,8.500,9.097,2.222,2.374,,,185024,17.480
uniform,0.05,,4,8,2,10000,8725356443303492304,1.000000,0.000000,8.478,9.087,2.370,4.408,,,185024,17.480
uniform,0.05,,4,8,2,10000,7913440054226465437,1.000000,0.000000,8.476,9.107,2.357,4.338,,,185024,17.480
uniform,0.05,,4,8,2,10000,3724221233260511449,0.999900,0.000050,8.511,9.108,2.363,4.339,,,185024,17.480
uniform,0.1,,4,8,2,10000,9230231829719208386,0.999800,0.000150,8.501,9.088,2.534,6.432,,,185024,17.480
uniform,0.1,,4,8,2,10000,1942134714439567810,0.999300,0.000450,8.501,9.097,2.525,4.479,,,185024,17.480
uniform,0.1,,4,8,2,10000,17015739782543371774,0.999800,0.000175,8.471,9.077,2.547,5.681,,,185024,17.480
uniform,0.2,,4,8,2,10000,12257195320140161943,0.987900,0.007675,8.485,9.077,2.918,6.443,,,185024,17.480
uniform,0.2,,4,8,2,10000,13603358473019996028,0.990700,0.005950,8.481,9.097,2.925,6.442,,,185024,17.480
uniform,0.2,,4,8,2,10000,6731152325559345966,0.989800,0.006900,8.473,9.077,2.917,6.443,,,185024,17.480
uniform,0.3,,4,8,2,10000,6104278465029764922,0.943200,0.037125,8.477,9.098,3.254,6.443,,,185024,17.480
uniform,0.3,,4,8,2,10000,13949687127116303543,0.945400,0.035375,8.511,9.107,3.236,6.452,,,185024,17.480
uniform,0.3,,4,8,2,10000,10481289120947956252,0.941000,0.038975,8.482,9.097,3.250,6.452,,,185024,17.480
ge,2,100,4,8,2,10000,11822322185158527095,0.999900,0.000075,8.473,9.077,2.710,6.473,,,185024,17.480
ge,2,100,4,8,2,10000,8727734342723934417,0.999700,0.000125,8.481,9.538,2.802,6.793,,,185024,17.480
ge,2,100,4,8,2,10000,3649658647159001556,0.999900,0.000025,8.511,9.649,2.682,6.462,,,185024,17.480
ge,5,100,4,8,2,10000,17565295385219020889,0.985100,0.011025,8.659,12.814,3.954,8.606,,,185024,17.480
ge,5,100,4,8,2,10000,7021409135338836701,0.982600,0.013625,8.542,10.240,3.608,8.566,,,185024,17.480
ge,5,100,4,8,2,10000,8020116043501801010,0.979800,0.014575,8.566,11.362,3.984,8.597,,,185024,17.480
ge,10,100,4,8,2,10000,6882714838388939074,0.931000,0.058375,8.562,10.900,4.353,8.636,,,185024,17.480
ge,10,100,4,8,2,10000,8785015651927532271,0.940300,0.050575,8.603,11.211,4.353,9.157,,,185024,17.480
ge,10,100,4,8,2,10000,6453964399576300986,0.936700,0.051425,8.595,11.572,4.298,8.716,,,185024,17.480
ge,20,100,4,8,2,10000,18404543903215617672,0.840300,0.143025,8.498,9.467,4.722,8.577,,,185024,17.480
ge,20,100,4,8,2,10000,8226396874396311897,0.861100,0.123575,8.501,9.579,4.715,8.586,,,185024,17.480
ge,20,100,4,8,2,10000,4929487328278240574,0.845600,0.137125,8.508,9.679,4.613,8.576,,,185024,17.480
ge,2,1000,4,8,2,10000,18211312012481516424,0.999900,0.000025,8.523,9.779,2.801,6.603,,,185024,17.480
ge,2,1000,4,8,2,10000,3195471896984636594,1.000000,0.000000,8.525,9.498,2.534,4.659,,,185024,17.480
ge,2,1000,4,8,2,10000,16655851965400418687,1.000000,0.000000,8.517,9.639,2.954,7.123,,,185024,17.480
ge,5,1000,4,8,2,10000,3991297434400404965,0.998800,0.001125,8.607,10.640,3.706,7.545,,,185024,17.480
ge,5,1000,4,8,2,10000,12822908348427334946,0.999400,0.000475,8.503,9.599,3.797,8.807,,,185024,17.480
ge,5,1000,4,8,2,10000,5951125129866587067,0.998500,0.000975,8.523,9.598,3.647,6.653,,,185024,17.480
ge,10,1000,4,8,2,10000,3212424269843595257,0.994100,0.004850,8.478,9.318,4.638,8.636,,,185024,17.480
ge,10,1000,4,8,2,10000,12163158269447327122,0.992200,0.005975,8.549,10.961,4.579,8.687,,,185024,17.480
ge,10,1000,4,8,2,10000,14793788206530559632,0.994700,0.004325,8.481,9.558,4.222,8.706,,,185024,17.480
ge,20,1000,4,8,2,10000,4696417631386190398,0.983400,0.014600,8.505,10.570,4.634,8.926,,,185024,17.480
ge,20,1000,4,8,2,10000,7596644794583007689,0.977800,0.019775,8.484,9.578,4.522,8.787,,,185024,17.480
ge,20,1000,4,8,2,10000,6549014732163246843,0.986300,0.011925,8.648,14.768,4.955,11.532,,,185024,17.480
periodic,5,1,4,8,2,10000,6484272355274003858,1.000000,0.000000,8.494,9.458,2.199,2.415,,,185024,17.480
periodic,5,1,4,8,2,10000,180549209284985194,1.000000,0.000000,8.573,10.690,2.225,2.765,,,185024,17.480
periodic,5,1,4,8,2,10000,4247823035162027855,1.000000,0.000000,8.698,12.925,2.248,3.407,,,185024,17.480
periodic,10,1,4,8,2,10000,17769532727493293853,1.000000,0.000000,8.477,9.238,2.201,2.314,,,185024,17.480
periodic,10,1,4,8,2,10000,8136418820398940074,1.000000,0.000000,8.495,9.317,2.203,2.425,,,185024,17.480
periodic,10,1,4,8,2,10000,88846507229093471,1.000000,0.000000,8.546,10.800,2.218,2.755,,,185024,17.480
periodic,20,1,4,8,2,10000,8996117674601073064,1.000000,0.000000,8.510,9.719,2.203,2.535,,,185024,17.480
periodic,20,1,4,8,2,10000,12981086057658296700,1.000000,0.000000,8.491,9.748,2.203,2.524,,,185024,17.480
periodic,20,1,4,8,2,10000,15180179217494264286,1.000000,0.000000,8.487,9.398,2.197,2.254,,,185024,17.480
uniform,0.01,,4,8,4,10000,10155938656185793147,1.000000,0.000000,8.486,9.588,2.259,4.659,,,208576,29.960
uniform,0.01,,4,8,4,10000,4248528829433568668,1.000000,0.000000,8.489,9.137,2.234,4.428,,,208576,29.960
uniform,0.01,,4,8,4,10000,315293387156109220,1.000000,0.000000,8.493,9.698,2.271,4.669,,,208576,29.960
uniform,0.05,,4,8,4,10000,13898629641738961465,1.000000,0.000000,8.510,9.438,2.363,4.359,,,208576,29.960
uniform,0.05,,4,8,4,10000,12006173140288957141,1.000000,0.000000,8.863,14.828,2.472,4.719,,,208576,29.960
uniform,0.05,,4,8,4,10000,16931791342164243775,1.000000,0.000000,8.480,9.348,2.364,4.358,,,208576,29.960
uniform,0.1,,4,8,4,10000,7464231068307016066,0.999800,0.000150,8.516,9.728,2.532,4.669,,,208576,29.960
uniform,0.1,,4,8,4,10000,9040865156649218167,0.999300,0.000425,8.478,9.337,2.533,5.019,,,208576,29.960
uniform,0.1,,4,8,4,10000,9476789836518135030,0.999800,0.000075,8.586,11.111,2.611,6.442,,,208576,29.960
uniform,0.2,,4,8,4,10000,2488348202515504025,0.991100,0.006000,8.603,11.211,2.949,6.473,,,208576,29.960
uniform,0.2,,4,8,4,10000,12342617916298228360,0.987500,0.008000,8.570,10.861,2.933,6.452,,,208576,29.960
uniform,0.2,,4,8,4,10000,16539597650540413161,0.988700,0.007325,8.489,9.589,2.877,6.452,,,208576,29.960
uniform,0.3,,4,8,4,10000,155999968124013074,0.940100,0.038775,8.516,9.488,3.240,6.452,,,208576,29.960
uniform,0.3,,4,8,4,10000,8945912469699585646,0.942800,0.037525,8.482,9.578,3.241,6.452,,,208576,29.960
uniform,0.3,,4,8,4,10000,6129767966070420108,0.943800,0.035875,8.578,10.861,3.294,6.472,,,208576,29.960
ge,2,100,4,8,4,10000,16835903868524585691,1.000000,0.000000,8.528,9.648,2.334,4.359,,,208576,29.960
ge,2,100,4,8,4,10000,15288370615414818685,1.000000,0.000000,8.484,9.508,2.394,4.378,,,208576,29.960
ge,2,100,4,8,4,10000,12132522698781504073,1.000000,0.000000,8.493,9.568,2.377,4.378,,,208576,29.960
ge,5,100,4,8,4,10000,1833032298108415113,0.995000,0.003125,8.535,10.941,3.149,8.536,,,208576,29.960
ge,5,100,4,8,4,10000,10686676004886610037,0.995100,0.003075,8.512,10.740,3.207,8.527,,,208576,29.960
ge,5,100,4,8,4,10000,9460294849276078363,0.994800,0.003975,8.496,9.608,3.101,8.516,,,208576,29.960
ge,10,100,4,8,4,10000,11159051845834986635,0.962700,0.028200,8.505,9.107,3.898,8.556,,,208576,29.960
ge,10,100,4,8,4,10000,15936639840570044049,0.963900,0.025000,8.474,9.098,3.795,8.566,,,208576,29.960
ge,10,100,4,8,4,10000,4498486606690227963,0.966400,0.025600,8.538,10.610,3.748,8.566,,,208576,29.960
ge,20,100,4,8,4,10000,15090994111143825479,0.885000,0.093775,8.562,10.881,4.397,8.586,,,208576,29.960
ge,20,100,4,8,4,10000,3609764709967679245,0.880200,0.095425,8.488,9.388,4.307,8.567,,,208576,29.960
ge,20,100,4,8,4,10000,578927380895679747,0.876000,0.103025,8.494,10.049,4.635,8.576,,,208576,29.960
ge,2,1000,4,8,4,10000,10002307998432639253,1.000000,0.000000,8.565,12.814,2.231,2.825,,,208576,29.960
ge,2,1000,4,8,4,10000,12828568981140568641,1.000000,0.000000,8.498,9.629,2.232,2.394,,,208576,29.960
ge,2,1000,4,8,4,10000,7050130037493333433,1.000000,0.000000,8.485,9.098,2.260,2.876,,,208576,29.960
ge,5,1000,4,8,4,10000,4724089670680463519,0.999700,0.000075,8.575,11.592,3.317,8.577,,,208576,29.960
ge,5,1000,4,8,4,10000,3815254319820503368,0.998800,0.000775,8.601,12.825,3.595,8.587,,,208576,29.960
ge,5,1000,4,8,4,10000,9894370609557901976,0.998500,0.001100,8.648,11.141,3.499,8.536,,,208576,29.960
ge,10,1000,4,8,4,10000,11869404703230568177,0.994600,0.004225,8.480,9.448,3.746,8.847,,,208576,29.960
ge,10,1000,4,8,4,10000,9088658348576174655,0.993900,0.004275,8.487,9.658,4.853,9.248,,,208576,29.960
ge,10,1000,4,8,4,10000,12999428300691141506,0.997600,0.001975,8.505,9.688,3.609,8.576,,,208576,29.960
ge,20,1000,4,8,4,10000,396380571947207740,0.990300,0.007550,8.490,9.548,4.494,8.686,,,208576,29.960
ge,20,1000,4,8,4,10000,6610906055293340085,0.987000,0.011125,8.489,9.568,4.294,8.686,,,208576,29.960
ge,20,1000,4,8,4,10000,4479786648673820893,0.990400,0.007950,8.513,10.570,3.788,8.677,,,208576,29.960
periodic,5,1,4,8,4,10000,17639121221899246712,1.000000,0.000000,8.488,9.599,2.198,2.234,,,208576,29.960
periodic,5,1,4,8,4,10000,4151082111453121893,1.000000,0.000000,8.562,10.690,2.225,2.785,,,208576,29.960
periodic,5,1,4,8,4,10000,5736578649141592217,1.000000,0.000000,8.612,11.632,2.259,3.166,,,208576,29.960
periodic,10,1,4,8,4,10000,507958549836268549,1.000000,0.000000,8.485,9.478,2.202,2.244,,,208576,29.960
periodic,10,1,4,8,4,10000,2949347510525095109,1.000000,0.000000,8.512,9.929,2.204,2.545,,,208576,29.960
periodic,10,1,4,8,4,10000,3214945874505417198,1.000000,0.000000,8.491,9.728,2.198,2.224,,,208576,29.960
periodic,20,1,4,8,4,10000,16469425382899610380,1.000000,0.000000,8.512,9.999,2.217,2.555,,,208576,29.960
periodic,20,1,4,8,4,10000,2727285184901405002,1.000000,0.000000,8.502,9.178,2.201,2.224,,,208576,29.960
periodic,20,1,4,8,4,10000,3916901600436994042,1.000000,0.000000,8.494,9.818,2.202,2.404,,,208576,29.960
uniform,0.01,,4,8,8,10000,4955722489614687908,1.000000,0.000000,8.516,10.209,2.255,4.469,,,255680,54.920
uniform,0.01,,4,8,8,10000,3684735443930491567,1.000000,0.000000,8.498,9.508,2.261,4.669,,,255680,54.920
uniform,0.01,,4,8,8,10000,14725241427597622658,1.000000,0.000000,8.610,10.951,2.324,4.479,,,255680,54.920
uniform,0.05,,4,8,8,10000,1089778227611918062,1.000000,0.000000,8.576,10.810,2.415,4.759,,,255680,54.920
uniform,0.05,,4,8,8,10000,13548541228646817502,0.999900,0.000075,8.752,14.778,2.467,4.669,,,255680,54.920
uniform,0.05,,4,8,8,10000,7681731814042239721,0.999900,0.000075,8.510,9.949,2.368,4.449,,,255680,54.920
uniform,0.1,,4,8,8,10000,16364108501944648972,0.999200,0.000500,8.499,10.179,2.561,6.442,,,255680,54.920
uniform,0.1,,4,8,8,10000,1605412926555388037,0.999700,0.000125,8.688,13.165,2.608,6.463,,,255680,54.920
uniform,0.1,,4,8,8,10000,324730035939995182,0.999400,0.000450,8.503,9.628,2.544,6.422,,,255680,54.920
uniform,0.2,,4,8,8,10000,1810776851251778391,0.989800,0.006875,8.496,10.169,2.901,6.452,,,255680,54.920
uniform,0.2,,4,8,8,10000,771501022117703376,0.989700,0.006325,8.522,10.781,2.908,6.462,,,255680,54.920
uniform,0.2,,4,8,8,10000,18337862907816974858,0.990000,0.006700,8.528,9.639,2.895,6.452,,,255680,54.920
uniform,0.3,,4,8,8,10000,5126830503035621368,0.941500,0.038500,8.607,12.634,3.287,6.713,,,255680,54.920
uniform,0.3,,4,8,8,10000,6232751540552802040,0.941400,0.038500,8.510,10.199,3.245,6.453,,,255680,54.920
uniform,0.3,,4,8,8,10000,2137847202409730663,0.940800,0.038275,8.763,13.686,3.337,7.945,,,255680,54.920
ge,2,100,4,8,8,10000,1395781621564931083,1.000000,0.000000,8.903,14.758,2.430,4.509,,,255680,54.920
ge,2,100,4,8,8,10000,9278213356178306247,1.000000,0.000000,8.550,10.680,2.278,4.378,,,255680,54.920
ge,2,100,4,8,8,10000,15768702545027466563,1.000000,0.000000,8.519,9.688,2.277,4.408,,,255680,54.920
ge,5,100,4,8,8,10000,18020223333854839133,1.000000,0.000000,8.537,11.211,2.739,6.552,,,255680,54.920
ge,5,100,4,8,8,10000,15943304058294653123,0.999800,0.000125,8.499,10.570,2.568,6.403,,,255680,54.920
ge,5,100,4,8,8,10000,7074570201194431645,0.999500,0.000325,8.540,10.841,2.554,6.412,,,255680,54.920
ge,10,100,4,8,8,10000,6898023590645474311,0.991100,0.006450,8.544,10.860,3.186,8.536,,,255680,54.920
ge,10,100,4,8,8,10000,152188803900749546,0.986500,0.009725,8.495,9.478,3.192,8.516,,,255680,54.920
ge,10,100,4,8,8,10000,17972693307022797766,0.990700,0.006475,8.513,9.758,3.335,8.536,,,255680,54.920
ge,20,100,4,8,8,10000,2135885222943064265,0.910700,0.069700,8.495,9.679,3.931,8.547,,,255680,54.920
ge,20,100,4,8,8,10000,12381612941660355714,0.918900,0.060925,8.505,10.230,3.894,8.547,,,255680,54.920
ge,20,100,4,8,8,10000,8147277211390068541,0.914000,0.063950,8.499,9.378,3.840,8.547,,,255680,54.920
ge,2,1000,4,8,8,10000,3724774922402987783,1.000000,0.000000,8.710,11.752,2.423,4.909,,,255680,54.920
ge,2,1000,4,8,8,10000,8580202352157591441,1.000000,0.000000,8.480,9.317,2.314,4.389,,,255680,54.920
ge,2,1000,4,8,8,10000,6148329859724355670,1.000000,0.000000,8.486,9.748,2.220,2.334,,,255680,54.920
ge,5,1000,4,8,8,10000,12374584649581714586,1.000000,0.000000,8.493,9.167,2.654,4.539,,,255680,54.920
ge,5,1000,4,8,8,10000,14874658221615420027,1.000000,0.000000,8.479,9.098,2.308,4.448,,,255680,54.920
ge,5,1000,4,8,8,10000,14680872690826198263,1.000000,0.000000,8.536,9.327,2.549,6.432,,,255680,54.920
ge,10,1000,4,8,8,10000,9408636180903961593,0.999100,0.000800,8.484,9.638,3.266,6.973,,,255680,54.920
ge,10,1000,4,8,8,10000,15115479910891958744,0.998400,0.001275,8.481,9.098,3.297,8.527,,,255680,54.920
ge,10,1000,4,8,8,10000,2011934563264934903,1.000000,0.000000,8.502,9.528,2.776,4.689,,,255680,54.920
ge,20,1000,4,8,8,10000,16920098494524872600,0.991600,0.006500,8.512,9.448,3.784,8.557,,,255680,54.920
ge,20,1000,4,8,8,10000,14486991895032300053,0.988000,0.008075,8.498,9.589,4.043,8.617,,,255680,54.920
ge,20,1000,4,8,8,10000,13824340447496094720,0.995200,0.004175,8.493,9.778,3.625,8.526,,,255680,54.920
periodic,5,1,4,8,8,10000,3552725348352271589,1.000000,0.000000,8.484,9.518,2.197,2.385,,,255680,54.920
periodic,5,1,4,8,8,10000,1308501250984460037,1.000000,0.000000,8.480,9.147,2.195,2.254,,,255680,54.920
periodic,5,1,4,8,8,10000,11086979290710919029,1.000000,0.000000,8.473,9.068,2.193,2.225,,,255680,54.920
periodic,10,1,4,8,8,10000,6792506768147613175,1.000000,0.000000,8.484,9.107,2.197,2.224,,,255680,54.920
periodic,10,1,4,8,8,10000,2575798315810235738,1.000000,0.000000,8.476,9.108,2.196,2.225,,,255680,54.920
periodic,10,1,4,8,8,10000,3557332653382229312,1.000000,0.000000,8.480,9.098,2.197,2.215,,,255680,54.920
periodic,20,1,4,8,8,10000,15148323361209583888,1.000000,0.000000,8.525,9.188,2.203,2.244,,,255680,54.920
periodic,20,1,4,8,8,10000,12636554305683525256,1.000000,0.000000,8.483,9.488,2.205,2.285,,,255680,54.920
periodic,20,1,4,8,8,10000,7941487435216465983,1.000000,0.000000,8.475,9.078,2.195,2.214,,,255680,54.920
uniform,0.01,,4,12,1,10000,12476266759671349524,1.000000,0.000000,17.133,21.210,2.769,4.689,,,179136,11.560
uniform,0.01,,4,12,1,10000,15294641940326822375,1.000000,0.000000,17.111,20.889,2.269,4.548,,,179136,11.560
uniform,0.01,,4,12,1,10000,3320161737832147261,1.000000,0.000000,16.993,19.818,2.245,2.846,,,179136,11.560
uniform,0.05,,4,12,1,10000,908016419217177849,1.000000,0.000000,17.238,21.851,2.408,4.719,,,179136,11.560
uniform,0.05,,4,12,1,10000,10395321980787304453,1.000000,0.000000,17.152,22.203,2.387,4.498,,,179136,11.560
uniform,0.05,,4,12,1,10000,11173620952268710316,1.000000,0.000000,17.140,21.120,2.467,4.468,,,179136,11.560
uniform,0.1,,4,12,1,10000,14423347202020949806,1.000000,0.000000,16.956,19.437,2.605,6.432,,,179136,11.560
uniform,0.1,,4,12,1,10000,407737569910647198,1.000000,0.000000,16.930,19.407,2.549,6.443,,,179136,11.560
uniform,0.1,,4,12,1,10000,18350598668450082542,1.000000,0.000000,17.067,21.150,2.578,6.452,,,179136,11.560
uniform,0.2,,4,12,1,10000,10632431954020194829,0.999900,0.000075,17.069,20.228,3.104,6.482,,,179136,11.560
uniform,0.2,,4,12,1,10000,9172572347869024860,1.000000,0.000000,17.040,21.029,2.929,6.472,,,179136,11.560
uniform,0.2,,4,12,1,10000,9207115634588148729,0.999900,0.000100,17.006,20.328,2.967,6.482,,,179136,11.560
uniform,0.3,,4,12,1,10000,3798259253530773128,0.997600,0.001750,16.977,19.788,3.455,8.537,,,179136,11.560
uniform,0.3,,4,12,1,10000,1147578328765541456,0.998200,0.001500,17.105,21.170,3.467,8.546,,,179136,11.560
uniform,0.3,,4,12,1,10000,15893457646106867157,0.998300,0.001325,17.164,25.578,3.507,8.566,,,179136,11.560
ge,2,100,4,12,1,10000,7158971574985181197,0.999700,0.000250,17.101,21.110,3.429,8.696,,,179136,11.560
ge,2,100,4,12,1,10000,9724564923351070762,0.999300,0.000600,17.062,21.120,3.718,8.656,,,179136,11.560
ge,2,100,4,12,1,10000,9338884597693378113,0.999800,0.000100,17.197,25.528,3.568,8.696,,,179136,11.560
ge,5,100,4,12,1,10000,15094817740249193580,0.985900,0.011675,17.115,21.851,5.212,9.148,,,179136,11.560
ge,5,100,4,12,1,10000,1418360174784551573,0.986100,0.011375,17.071,21.080,5.342,10.029,,,179136,11.560
ge,5,100,4,12,1,10000,877428083938450845,0.987500,0.010175,17.176,22.292,5.577,9.137,,,179136,11.560
ge,10,100,4,12,1,10000,10146598461994864243,0.949100,0.044250,17.191,21.190,6.057,11.051,,,179136,11.560
ge,10,100,4,12,1,10000,14758590540644558107,0.945800,0.048100,17.069,21.070,6.103,10.831,,,179136,11.560
ge,10,100,4,12,1,10000,1016023807680212936,0.947000,0.047025,17.346,29.576,5.971,11.372,,,179136,11.560
ge,20,100,4,12,1,10000,5577957988055996673,0.872000,0.120025,17.059,20.018,6.444,9.608,,,179136,11.560
ge,20,100,4,12,1,10000,13112621540382975603,0.873700,0.117650,17.081,20.178,6.625,10.891,,,179136,11.560
ge,20,100,4,12,1,10000,7837978998156319267,0.878500,0.112900,17.016,19.878,7.161,9.628,,,179136,11.560
ge,2,1000,4,12,1,10000,5584861491773525026,1.000000,0.000000,17.151,21.201,3.679,9.748,,,179136,11.560
ge,2,1000,4,12,1,10000,4679891104703215199,1.000000,0.000000,17.100,21.201,7.577,9.739,,,179136,11.560
ge,2,1000,4,12,1,10000,13825917622703597455,0.999900,0.000075,16.949,19.728,3.619,8.777,,,179136,11.560
ge,5,1000,4,12,1,10000,11507651079539073889,0.999300,0.000550,17.011,20.689,11.212,62.639,,,179136,11.560
ge,5,1000,4,12,1,10000,9181537836240481205,0.998400,0.001275,17.057,21.130,5.695,9.168,,,179136,11.560
ge,5,1000,4,12,1,10000,16354856058944615614,0.999200,0.000600,16.980,19.737,4.741,9.438,,,179136,11.560
ge,10,1000,4,12,1,10000,12597376168902102568,0.994300,0.004600,16.991,19.747,5.709,9.207,,,179136,11.560
ge,10,1000,4,12,1,10000,75766599650437065,0.993800,0.005800,17.105,21.300,6.663,12.123,,,179136,11.560
ge,10,1000,4,12,1,10000,4390967437192642347,0.994600,0.005075,17.122,21.100,5.481,9.018,,,179136,11.560
ge,20,1000,4,12,1,10000,936999304630306618,0.986200,0.012050,16.951,19.708,7.102,12.193,,,179136,11.560
ge,20,1000,4,12,1,10000,10687341990608814681,0.982800,0.016125,16.933,19.356,6.716,9.147,,,179136,11.560
ge,20,1000,4,12,1,10000,4720927311383536389,0.986600,0.012500,16.962,19.728,6.713,8.947,,,179136,11.560
periodic,5,1,4,12,1,10000,3803862007750707844,1.000000,0.000000,16.985,19.818,2.206,2.565,,,179136,11.560
periodic,5,1,4,12,1,10000,11391132168196507083,1.000000,0.000000,17.062,21.130,2.215,2.796,,,179136,11.560
periodic,5,1,4,12,1,10000,2626847003621513961,1.000000,0.000000,16.924,19.397,2.193,2.214,,,179136,11.560
periodic,10,1,4,12,1,10000,5926012236445294793,1.000000,0.000000,16.948,19.507,2.196,2.235,,,179136,11.560
periodic,10,1,4,12,1,10000,5820038756425816143,1.000000,0.000000,16.950,19.507,2.198,2.485,,,179136,11.560
periodic,10,1,4,12,1,10000,7071478331880610663,1.000000,0.000000,16.941,19.327,2.199,2.474,,,179136,11.560
periodic,20,1,4,12,1,10000,4106569971738293182,1.000000,0.000000,16.983,19.787,2.214,2.535,,,179136,11.560
periodic,20,1,4,12,1,10000,1092702730842272638,1.000000,0.000000,17.046,21.110,2.216,2.755,,,179136,11.560
periodic,20,1,4,12,1,10000,11508500075286988184,1.000000,0.000000,16.973,19.857,2.212,2.495,,,179136,11.560
uniform,0.01,,4,12,2,10000,9487572055328554634,1.000000,0.000000,16.924,19.407,2.252,4.388,,,196800,18.120
uniform,0.01,,4,12,2,10000,13223880134026147967,1.000000,0.000000,16.951,19.447,2.252,4.409,,,196800,18.120
uniform,0.01,,4,12,2,10000,4762240076311719266,1.000000,0.000000,16.949,19.447,2.246,4.468,,,196800,18.120
uniform,0.05,,4,12,2,10000,11960169096239206114,1.000000,0.000000,16.931,19.367,2.354,4.379,,,196800,18.120
uniform,0.05,,4,12,2,10000,1348699190515678971,1.000000,0.000000,16.929,19.497,2.354,4.348,,,196800,18.120
uniform,0.05,,4,12,2,10000,14297028434819042298,1.000000,0.000000,16.934,19.637,2.375,4.359,,,196800,18.120
uniform,0.1,,4,12,2,10000,16793550507173577103,1.000000,0.000000,16.923,19.417,2.541,6.433,,,196800,18.120
uniform,0.1,,4,12,2,10000,15715692740320449370,1.000000,0.000000,16.953,19.697,2.559,5.441,,,196800,18.120
uniform,0.1,,4,12,2,10000,2141988784976867378,1.000000,0.000000,16.960,19.717,2.564,6.453,,,196800,18.120
uniform,0.2,,4,12,2,10000,2975447968419986141,1.000000,0.000000,16.964,19.577,2.977,6.462,,,196800,18.120
uniform,0.2,,4,12,2,10000,8425493165173566664,1.000000,0.000000,16.958,19.647,2.935,6.462,,,196800,18.120
uniform,0.2,,4,12,2,10000,5508687961945361862,1.000000,0.000000,16.970,19.457,2.957,6.453,,,196800,18.120
uniform,0.3,,4,12,2,10000,9776894235181966158,0.998000,0.001600,17.151,21.411,3.474,8.116,,,196800,18.120
uniform,0.3,,4,12,2,10000,12665761238288737150,0.997700,0.001675,17.070,21.100,3.472,8.536,,,196800,18.120
uniform,0.3,,4,12,2,10000,16400985671450158879,0.999300,0.000475,16.929,19.317,3.425,8.517,,,196800,18.120
ge,2,100,4,12,2,10000,4320802750648203235,1.000000,0.000000,17.205,25.568,3.167,6.833,,,196800,18.120
ge,2,100,4,12,2,10000,7200963827653240539,1.000000,0.000000,16.957,19.797,2.800,6.563,,,196800,18.120
ge,2,100,4,12,2,10000,4851123104246696233,1.000000,0.000000,16.961,19.717,2.770,6.553,,,196800,18.120
ge,5,100,4,12,2,10000,15784408915323342827,0.995700,0.003600,16.942,19.647,4.145,8.657,,,196800,18.120
ge,5,100,4,12,2,10000,11027291571073217468,0.997700,0.001950,16.965,19.818,4.160,9.147,,,196800,18.120
ge,5,100,4,12,2,10000,12086571787353386554,0.997600,0.001775,16.935,19.517,4.174,8.626,,,196800,18.120
ge,10,100,4,12,2,10000,6365747378771720659,0.971000,0.024575,17.010,19.797,5.144,8.967,,,196800,18.120
ge,10,100,4,12,2,10000,15262220076401680805,0.972100,0.022125,17.018,21.130,5.245,9.127,,,196800,18.120
ge,10,100,4,12,2,10000,15776440489224198263,0.968100,0.025700,17.086,21.380,5.153,9.288,,,196800,18.120
ge,20,100,4,12,2,10000,6522625865887428380,0.911800,0.078725,17.023,19.958,6.050,9.338,,,196800,18.120
ge,20,100,4,12,2,10000,12554115285523827734,0.898000,0.091500,17.043,21.240,5.776,9.708,,,196800,18.120
ge,20,100,4,12,2,10000,11101351704306906760,0.904000,0.084625,16.994,20.309,5.979,8.877,,,196800,18.120
ge,2,1000,4,12,2,10000,16839433045934871367,1.000000,0.000000,16.988,19.888,2.724,4.609,,,196800,18.120
ge,2,1000,4,12,2,10000,8071870072674668250,1.000000,0.000000,17.015,20.349,2.842,4.799,,,196800,18.120
ge,2,1000,4,12,2,10000,13022010204987990937,1.000000,0.000000,16.967,19.838,2.773,6.462,,,196800,18.120
ge,5,1000,4,12,2,10000,14396245142606466036,0.999600,0.000325,16.982,20.038,5.573,9.668,,,196800,18.120
ge,5,1000,4,12,2,10000,16906593646482080548,0.999500,0.000325,16.956,19.788,4.182,9.117,,,196800,18.120
ge,5,1000,4,12,2,10000,1758559064071586864,1.000000,0.000000,17.015,19.768,4.251,8.727,,,196800,18.120
ge,10,1000,4,12,2,10000,7296736877832367041,0.996700,0.002600,16.955,19.687,5.368,8.747,,,196800,18.120
ge,10,1000,4,12,2,10000,3121116716743755972,0.997400,0.002150,16.935,19.718,5.321,8.697,,,196800,18.120
ge,10,1000,4,12,2,10000,2307666845216152609,0.995100,0.004050,17.111,21.170,5.598,9.588,,,196800,18.120
ge,20,1000,4,12,2,10000,14626610111066351256,0.988800,0.009225,17.062,20.128,5.967,8.877,,,196800,18.120
ge,20,1000,4,12,2,10000,11922386403372825206,0.988700,0.010175,17.145,21.150,6.234,11.351,,,196800,18.120
ge,20,1000,4,12,2,10000,5724679161635557385,0.987500,0.011475,17.050,21.150,6.388,9.167,,,196800,18.120
periodic,5,1,4,12,2,10000,3172799619479387974,1.000000,0.000000,16.978,19.687,2.264,2.464,,,196800,18.120
periodic,5,1,4,12,2,10000,7278858386712047377,1.000000,0.000000,17.014,21.060,2.203,2.725,,,196800,18.120
periodic,5,1,4,12,2,10000,12794090500148941388,1.000000,0.000000,16.970,19.717,2.247,2.505,,,196800,18.120
periodic,10,1,4,12,2,10000,13171473510230892461,1.000000,0.000000,17.082,21.120,2.220,2.756,,,196800,18.120
periodic,10,1,4,12,2,10000,14716510047090211657,1.000000,0.000000,17.097,21.080,2.259,2.755,,,196800,18.120
periodic,10,1,4,12,2,10000,5003841260018147432,1.000000,0.000000,17.101,21.070,2.235,2.746,,,196800,18.120
periodic,20,1,4,12,2,10000,10197554683265715721,1.000000,0.000000,17.070,20.338,2.225,2.725,,,196800,18.120
periodic,20,1,4,12,2,10000,1129856617238155775,1.000000,0.000000,17.041,21.080,2.246,2.806,,,196800,18.120
periodic,20,1,4,12,2,10000,6896364872489573774,1.000000,0.000000,17.560,24.606,2.299,3.456,,,196800,18.120
uniform,0.01,,4,12,4,10000,14854166372473315657,1.000000,0.000000,17.419,21.290,2.442,4.378,,,232128,31.240
uniform,0.01,,4,12,4,10000,14006606635606902335,1.000000,0.000000,17.441,21.531,2.395,4.729,,,232128,31.240
uniform,0.01,,4,12,4,10000,13615192801099947990,1.000000,0.000000,17.049,20.178,2.259,4.549,,,232128,31.240
uniform,0.05,,4,12,4,10000,14155991302627214960,1.000000,0.000000,17.102,21.100,2.384,4.478,,,232128,31.240
uniform,0.05,,4,12,4,10000,1485713964546417944,1.000000,0.000000,17.006,20.479,2.436,4.409,,,232128,31.240
uniform,0.05,,4,12,4,10000,6786786567494654249,1.000000,0.000000,17.050,20.259,2.415,4.369,,,232128,31.240
uniform,0.1,,4,12,4,10000,5771916664871894883,1.000000,0.000000,17.313,25.679,2.646,6.473,,,232128,31.240
uniform,0.1,,4,12,4,10000,681884734860412117,1.000000,0.000000,16.982,20.069,2.570,6.462,,,232128,31.240
uniform,0.1,,4,12,4,10000,15184317007617457979,1.000000,0.000000,17.025,20.199,2.587,6.462,,,232128,31.240
uniform,0.2,,4,12,4,10000,17994065897486021349,1.000000,0.000000,16.987,20.098,2.937,6.462,,,232128,31.240
uniform,0.2,,4,12,4,10000,12044706446341624124,1.000000,0.000000,17.042,20.158,2.970,6.462,,,232128,31.240
uniform,0.2,,4,12,4,10000,776337917499933927,0.999900,0.000100,16.998,20.038,2.992,6.463,,,232128,31.240
uniform,0.3,,4,12,4,10000,18388895806405875584,0.998800,0.000875,17.050,20.498,3.414,8.526,,,232128,31.240
uniform,0.3,,4,12,4,10000,8221264625157004537,0.997800,0.001750,17.010,21.090,3.463,8.546,,,232128,31.240
uniform,0.3,,4,12,4,10000,11710386721438550402,0.998400,0.001225,16.973,19.838,3.453,8.537,,,232128,31.240
ge,2,100,4,12,4,10000,7058623155692392613,1.000000,0.000000,17.093,20.388,2.381,4.599,,,232128,31.240
ge,2,100,4,12,4,10000,11416234287924627273,1.000000,0.000000,16.977,19.817,2.335,4.509,,,232128,31.240
ge,2,100,4,12,4,10000,7072810658966656086,1.000000,0.000000,17.007,19.998,2.357,4.810,,,232128,31.240
ge,5,100,4,12,4,10000,13811694507982014042,0.999300,0.000525,17.081,20.299,3.164,8.596,,,232128,31.240
ge,5,100,4,12,4,10000,14832263507088821321,1.000000,0.000000,16.945,19.818,3.279,8.556,,,232128,31.240
ge,5,100,4,12,4,10000,568569052744019182,1.000000,0.000000,17.037,19.977,3.305,8.556,,,232128,31.240
ge,10,100,4,12,4,10000,4091500002990046533,0.991400,0.006450,16.974,19.737,4.282,8.587,,,232128,31.240
ge,10,100,4,12,4,10000,5653931979744613298,0.993700,0.004825,16.949,19.507,4.185,8.586,,,232128,31.240
ge,10,100,4,12,4,10000,10678221660106572698,0.989000,0.008925,16.928,19.587,4.478,8.577,,,232128,31.240
ge,20,100,4,12,4,10000,4950560932988260243,0.935800,0.054500,16.932,19.457,5.240,8.577,,,232128,31.240
ge,20,100,4,12,4,10000,17840091034421257385,0.934400,0.054275,16.950,19.387,5.293,8.847,,,232128,31.240
ge,20,100,4,12,4,10000,7793942848928198208,0.938100,0.050675,17.013,19.758,5.096,9.097,,,232128,31.240
ge,2,1000,4,12,4,10000,9411299533130691390,1.000000,0.000000,16.933,19.366,2.437,4.509,,,232128,31.240
ge,2,1000,4,12,4,10000,7794311145922310988,1.000000,0.000000,16.933,19.276,2.362,4.418,,,232128,31.240
ge,2,1000,4,12,4,10000,14345647043153809425,1.000000,0.000000,16.935,19.267,2.459,4.810,,,232128,31.240
ge,5,1000,4,12,4,10000,13721884941963825300,1.000000,0.000000,16.941,19.407,2.873,7.074,,,232128,31.240
ge,5,1000,4,12,4,10000,15937410783865058494,1.000000,0.000000,17.012,20.088,2.923,6.633,,,232128,31.240
ge,5,1000,4,12,4,10000,17264452933705144237,1.000000,0.000000,16.990,20.179,3.581,9.518,,,232128,31.240
ge,10,1000,4,12,4,10000,2232306035919135115,0.999200,0.000800,17.004,20.088,4.379,9.788,,,232128,31.240
ge,10,1000,4,12,4,10000,4315394305120746565,1.000000,0.000000,16.964,19.847,4.492,9.117,,,232128,31.240
ge,10,1000,4,12,4,10000,16993918820939597723,0.999100,0.000600,17.319,22.001,4.365,9.508,,,232128,31.240
ge,20,1000,4,12,4,10000,15776599758041666963,0.992800,0.005575,16.962,19.808,5.075,8.957,,,232128,31.240
ge,20,1000,4,12,4,10000,4513577067844326225,0.994800,0.004675,16.965,19.828,4.765,8.627,,,232128,31.240
ge,20,1000,4,12,4,10000,10896223343339395359,0.993200,0.005450,16.937,19.527,5.311,8.807,,,232128,31.240
periodic,5,1,4,12,4,10000,8213224523422482982,1.000000,0.000000,16.928,19.517,2.192,2.205,,,232128,31.240
periodic,5,1,4,12,4,10000,4498662341551396617,1.000000,0.000000,16.922,19.557,2.195,2.205,,,232128,31.240
periodic,5,1,4,12,4,10000,16472260918040080404,1.000000,0.000000,16.923,19.477,2.192,2.205,,,232128,31.240
periodic,10,1,4,12,4,10000,13178466129340419294,1.000000,0.000000,16.945,19.607,2.198,2.224,,,232128,31.240
periodic,10,1,4,12,4,10000,2649378284901542055,1.000000,0.000000,16.923,19.517,2.194,2.214,,,232128,31.240
periodic,10,1,4,12,4,10000,1834834736879877108,1.000000,0.000000,16.926,19.387,2.194,2.205,,,232128,31.240
periodic,20,1,4,12,4,10000,14687187144188011490,1.000000,0.000000,16.937,19.437,2.196,2.224,,,232128,31.240
periodic,20,1,4,12,4,10000,16608832252683010838,1.000000,0.000000,16.962,19.817,2.196,2.224,,,232128,31.240
periodic,20,1,4,12,4,10000,7019091116342063147,1.000000,0.000000,17.019,19.928,2.206,2.464,,,232128,31.240
uniform,0.01,,4,12,8,10000,11723344324264058566,1.000000,0.000000,16.982,19.778,2.269,4.609,,,302784,57.480
uniform,0.01,,4,12,8,10000,1218914114230274996,1.000000,0.000000,16.979,19.818,2.216,2.415,,,302784,57.480
uniform,0.01,,4,12,8,10000,2871945720561624598,1.000000,0.000000,17.011,19.717,2.236,2.825,,,302784,57.480
uniform,0.05,,4,12,8,10000,14892607867274953528,1.000000,0.000000,16.942,19.467,2.354,4.418,,,302784,57.480
uniform,0.05,,4,12,8,10000,9219157324889084684,1.000000,0.000000,16.963,19.587,2.389,4.358,,,302784,57.480
uniform,0.05,,4,12,8,10000,17764554220034886461,1.000000,0.000000,16.997,20.238,2.395,4.449,,,302784,57.480
uniform,0.1,,4,12,8,10000,8452342729234111566,1.000000,0.000000,16.953,19.436,2.544,6.442,,,302784,57.480
uniform,0.1,,4,12,8,10000,3903716983359407830,1.000000,0.000000,16.964,19.818,2.548,6.452,,,302784,57.480
uniform,0.1,,4,12,8,10000,2782434503880974145,1.000000,0.000000,16.947,19.517,2.539,6.452,,,302784,57.480
uniform,0.2,,4,12,8,10000,7908260070054341287,1.000000,0.000000,16.960,19.467,2.951,6.463,,,302784,57.480
uniform,0.2,,4,12,8,10000,4306336111557965573,0.999900,0.000075,17.204,20.248,2.982,6.482,,,302784,57.480
uniform,0.2,,4,12,8,10000,5159105312308397872,0.999900,0.000100,17.009,19.948,2.963,6.462,,,302784,57.480
uniform,0.3,,4,12,8,10000,5783417091400215701,0.998500,0.001300,17.034,20.378,3.470,8.537,,,302784,57.480
uniform,0.3,,4,12,8,10000,13714946183137169030,0.997900,0.001600,17.043,20.619,3.450,8.536,,,302784,57.480
uniform,0.3,,4,12,8,10000,18122366712520856339,0.998400,0.001200,17.020,20.379,3.441,8.536,,,302784,57.480
ge,2,100,4,12,8,10000,8316388212108463046,1.000000,0.000000,17.190,21.230,2.309,4.478,,,302784,57.480
ge,2,100,4,12,8,10000,6167877612367933246,1.000000,0.000000,16.973,19.798,2.272,4.378,,,302784,57.480
ge,2,100,4,12,8,10000,14042274204675076840,1.000000,0.000000,16.958,19.537,2.308,4.418,,,302784,57.480
ge,5,100,4,12,8,10000,17185599986219533853,1.000000,0.000000,16.941,19.457,2.597,6.432,,,302784,57.480
ge,5,100,4,12,8,10000,16878649371751235303,1.000000,0.000000,16.967,19.778,2.668,6.473,,,302784,57.480
ge,5,100,4,12,8,10000,10004622469624842701,1.000000,0.000000,17.071,20.279,2.680,6.492,,,302784,57.480
ge,10,100,4,12,8,10000,5841862395387435931,0.999600,0.000200,16.959,19.768,3.387,8.537,,,302784,57.480
ge,10,100,4,12,8,10000,7093414700251965376,0.999400,0.000325,16.984,19.918,3.443,8.566,,,302784,57.480
ge,10,100,4,12,8,10000,11250324258582512029,0.999400,0.000475,17.004,20.328,3.364,8.536,,,302784,57.480
ge,20,100,4,12,8,10000,17189442433866870020,0.973000,0.019950,17.178,21.511,4.452,8.857,,,302784,57.480
ge,20,100,4,12,8,10000,4052374057686691700,0.984100,0.010875,17.148,21.130,4.260,9.678,,,302784,57.480
ge,20,100,4,12,8,10000,9474167853730490391,0.977700,0.017125,16.952,19.537,4.343,8.606,,,302784,57.480
ge,2,1000,4,12,8,10000,1309038497389833554,1.000000,0.000000,17.001,20.328,2.331,4.328,,,302784,57.480
ge,2,1000,4,12,8,10000,11109816465504888465,1.000000,0.000000,16.962,20.008,2.240,2.535,,,302784,57.480
ge,2,1000,4,12,8,10000,681136437088705426,1.000000,0.000000,16.977,19.857,2.374,4.328,,,302784,57.480
ge,5,1000,4,12,8,10000,12513933437678712565,1.000000,0.000000,16.988,20.078,2.420,4.509,,,302784,57.480
ge,5,1000,4,12,8,10000,610890065248767196,1.000000,0.000000,16.949,19.718,2.461,4.869,,,302784,57.480
ge,5,1000,4,12,8,10000,298282555199233495,1.000000,0.000000,16.968,19.828,2.639,4.689,,,302784,57.480
ge,10,1000,4,12,8,10000,4296520944413888322,1.000000,0.000000,17.065,21.080,3.714,9.218,,,302784,57.480
ge,10,1000,4,12,8,10000,8489310312422724813,1.000000,0.000000,16.977,20.208,3.277,8.556,,,302784,57.480
ge,10,1000,4,12,8,10000,7271053665481879772,1.000000,0.000000,17.162,21.130,3.958,8.907,,,302784,57.480
ge,20,1000,4,12,8,10000,6255574590803869615,0.997700,0.000825,17.001,20.178,4.348,8.847,,,302784,57.480
ge,20,1000,4,12,8,10000,12097917057513456244,0.997500,0.001850,16.941,19.307,3.665,8.577,,,302784,57.480
ge,20,1000,4,12,8,10000,12034093420821353060,0.998500,0.001125,17.035,20.319,4.308,8.817,,,302784,57.480
periodic,5,1,4,12,8,10000,13396408564861225370,1.000000,0.000000,17.349,25.849,2.252,3.497,,,302784,57.480
periodic,5,1,4,12,8,10000,12711153670469223621,1.000000,0.000000,17.090,21.200,2.217,2.796,,,302784,57.480
periodic,5,1,4,12,8,10000,3397951852683047535,1.000000,0.000000,16.978,19.958,2.235,2.535,,,302784,57.480
periodic,10,1,4,12,8,10000,10579215135486922797,1.000000,0.000000,16.946,19.558,2.203,2.465,,,302784,57.480
periodic,10,1,4,12,8,10000,16238450041789344270,1.000000,0.000000,16.975,19.797,2.200,2.545,,,302784,57.480
periodic,10,1,4,12,8,10000,13325607727073213237,1.000000,0.000000,16.954,19.677,2.195,2.445,,,302784,57.480
periodic,20,1,4,12,8,10000,14059707113819380428,1.000000,0.000000,16.968,19.787,2.201,2.505,,,302784,57.480
periodic,20,1,4,12,8,10000,13525523507491892695,1.000000,0.000000,17.104,21.270,2.228,2.936,,,302784,57.480
periodic,20,1,4,12,8,10000,2785181106498492016,1.000000,0.000000,16.946,19.567,2.210,2.305,,,302784,57.480
uniform,0.01,,16,20,1,10000,3163060792879458748,1.000000,0.000000,33.851,38.764,9.329,17.192,,,190912,29.000
uniform,0.01,,16,20,1,10000,11285747024341904969,1.000000,0.000000,33.811,36.770,9.209,17.113,,,190912,29.000
uniform,0.01,,16,20,1,10000,5494725876840400666,1.000000,0.000000,33.755,36.849,9.400,17.112,,,190912,29.000
uniform,0.05,,16,20,1,10000,18434290930281873043,0.998500,0.000412,33.756,36.990,12.220,28.535,,,190912,29.000
uniform,0.05,,16,20,1,10000,8261415118091884702,0.998300,0.000469,33.816,37.020,12.216,27.722,,,190912,29.000
uniform,0.05,,16,20,1,10000,10814569268411453896,0.997400,0.000650,33.756,36.660,12.188,33.964,,,190912,29.000
uniform,0.1,,16,20,1,10000,335178381604881954,0.953100,0.012306,33.854,37.441,15.770,34.024,,,190912,29.000
uniform,0.1,,16,20,1,10000,11303611869592420894,0.956200,0.011813,33.744,36.810,15.929,34.024,,,190912,29.000
uniform,0.1,,16,20,1,10000,5523106410119330425,0.957600,0.011325,33.986,38.382,15.777,34.035,,,190912,29.000
uniform,0.2,,16,20,1,10000,160044762789289153,0.629100,0.109169,34.139,42.059,21.153,35.788,,,190912,29.000
uniform,0.2,,16,20,1,10000,6094967809270729922,0.627400,0.109581,33.870,37.240,20.911,34.235,,,190912,29.000
uniform,0.2,,16,20,1,10000,11262499910177407013,0.628400,0.109100,33.727,36.890,20.706,34.035,,,190912,29.000
uniform,0.3,,16,20,1,10000,13177925465511266024,0.241000,0.258769,33.749,37.291,23.354,34.245,,,190912,29.000
uniform,0.3,,16,20,1,10000,15873326168893156138,0.239000,0.259350,33.984,38.803,23.817,36.730,,,190912,29.000
uniform,0.3,,16,20,1,10000,2497545231040740696,0.244400,0.257481,33.890,40.346,23.386,36.349,,,190912,29.000
ge,2,100,16,20,1,10000,5272303110376873333,0.987400,0.003775,33.783,37.241,14.779,34.044,,,190912,29.000
ge,2,100,16,20,1,10000,1767951175338568993,0.986000,0.004219,33.789,37.411,14.885,34.035,,,190912,29.000
ge,2,100,16,20,1,10000,12347650235980428668,0.988300,0.003737,33.743,36.970,14.535,34.005,,,190912,29.000
ge,5,100,16,20,1,10000,1402873557697591282,0.923100,0.032519,33.767,37.100,18.688,34.185,,,190912,29.000
ge,5,100,16,20,1,10000,713391403543270071,0.923000,0.032063,33.805,37.201,18.724,34.054,,,190912,29.000
ge,5,100,16,20,1,10000,1317217742367447282,0.923900,0.032563,33.763,36.980,18.518,34.044,,,190912,29.000
ge,10,100,16,20,1,10000,11343594059900481753,0.846200,0.084138,33.771,37.291,19.822,34.065,,,190912,29.000
ge,10,100,16,20,1,10000,14163341830095723885,0.844900,0.084425,34.222,42.872,20.424,35.157,,,190912,29.000
ge,10,100,16,20,1,10000,17718967428806060013,0.849200,0.084513,33.733,36.960,20.117,34.055,,,190912,29.000
ge,20,100,16,20,1,10000,2608123477654619942,0.772700,0.152406,33.789,36.799,20.228,34.055,,,190912,29.000
ge,20,100,16,20,1,10000,7198919456381551406,0.760700,0.163412,33.728,36.750,19.671,34.034,,,190912,29.000
ge,20,100,16,20,1,10000,7883439687654362745,0.761700,0.163175,33.779,36.920,20.478,34.065,,,190912,29.000
ge,2,1000,16,20,1,10000,11080903944941115310,0.999500,0.000188,33.794,37.000,13.598,33.243,,,190912,29.000
ge,2,1000,16,20,1,10000,1744098189477038768,0.998900,0.000350,33.790,37.532,14.379,34.034,,,190912,29.000
ge,2,1000,16,20,1,10000,15941435905544390059,0.999000,0.000344,33.812,37.652,14.823,34.115,,,190912,29.000
ge,5,1000,16,20,1,10000,4134364216530274546,0.989900,0.004412,33.797,37.121,20.579,34.015,,,190912,29.000
ge,5,1000,16,20,1,10000,17770103170571781641,0.991500,0.003300,33.746,37.070,18.530,34.214,,,190912,29.000
ge,5,1000,16,20,1,10000,4867358028452914404,0.991000,0.003669,33.754,36.679,17.461,34.054,,,190912,29.000
ge,10,1000,16,20,1,10000,9994032199488136465,0.987500,0.006744,33.722,36.579,19.056,34.005,,,190912,29.000
ge,10,1000,16,20,1,10000,11290501202099087753,0.983200,0.009431,33.731,36.800,21.849,37.110,,,190912,29.000
ge,10,1000,16,20,1,10000,5717691759790117321,0.983500,0.008944,33.752,36.750,18.117,34.025,,,190912,29.000
ge,20,1000,16,20,1,10000,4447049017562120400,0.978400,0.013487,33.768,37.070,19.369,34.064,,,190912,29.000
ge,20,1000,16,20,1,10000,6289404150616855432,0.975400,0.015694,33.831,37.111,19.365,34.475,,,190912,29.000
ge,20,1000,16,20,1,10000,5337818127386145079,0.973200,0.018087,33.785,36.940,21.938,34.916,,,190912,29.000
periodic,5,1,16,20,1,10000,15503917463719423249,1.000000,0.000000,33.859,37.501,34.119,37.751,,,190912,29.000
periodic,5,1,16,20,1,10000,11388584129088556725,1.000000,0.000000,33.844,37.461,34.214,37.762,,,190912,29.000
periodic,5,1,16,20,1,10000,16117880854334629847,1.000000,0.000000,34.049,38.844,34.386,39.475,,,190912,29.000
periodic,10,1,16,20,1,10000,13888272579629193820,1.000000,0.000000,34.093,41.979,17.239,21.261,,,190912,29.000
periodic,10,1,16,20,1,10000,1702262933258122132,1.000000,0.000000,34.037,39.294,17.280,21.291,,,190912,29.000
periodic,10,1,16,20,1,10000,868193630395308101,1.000000,0.000000,34.012,41.990,17.277,21.260,,,190912,29.000
periodic,20,1,16,20,1,10000,17017121123470055919,1.000000,0.000000,33.988,40.386,8.679,10.780,,,190912,29.000
periodic,20,1,16,20,1,10000,10139040675872074300,1.000000,0.000000,33.816,37.491,8.659,10.730,,,190912,29.000
periodic,20,1,16,20,1,10000,5504053526183820974,1.000000,0.000000,34.054,38.363,8.716,11.011,,,190912,29.000
uniform,0.01,,16,20,2,10000,16181317951961111974,1.000000,0.000000,34.003,37.912,9.649,17.783,,,220352,53.000
uniform,0.01,,16,20,2,10000,2285569338292224986,1.000000,0.000000,34.176,39.094,9.400,18.144,,,220352,53.000
uniform,0.01,,16,20,2,10000,8056504704390692079,1.000000,0.000000,33.999,42.039,9.380,17.183,,,220352,53.000
uniform,0.05,,16,20,2,10000,16629246125002286241,0.997600,0.000619,33.801,37.501,12.298,33.944,,,220352,53.000
uniform,0.05,,16,20,2,10000,2163865775651434553,0.997800,0.000588,33.850,37.581,12.240,29.045,,,220352,53.000
uniform,0.05,,16,20,2,10000,11874705331343052083,0.997400,0.000713,34.162,42.390,12.584,33.964,,,220352,53.000
uniform,0.1,,16,20,2,10000,12735630252199009879,0.959400,0.010812,33.972,42.009,15.688,34.045,,,220352,53.000
uniform,0.1,,16,20,2,10000,16093737825365753982,0.956800,0.011537,33.797,37.371,15.926,34.065,,,220352,53.000
uniform,0.1,,16,20,2,10000,12186262104295749059,0.957400,0.011537,33.926,38.232,15.831,34.064,,,220352,53.000
uniform,0.2,,16,20,2,10000,15887373673181903030,0.630900,0.108069,34.368,43.613,20.917,37.030,,,220352,53.000
uniform,0.2,,16,20,2,10000,468191287302133408,0.621600,0.111631,33.921,37.932,21.006,34.606,,,220352,53.000
uniform,0.2,,16,20,2,10000,11319155578641158377,0.626100,0.110125,33.784,37.320,20.663,34.145,,,220352,53.000
uniform,0.3,,16,20,2,10000,12362032747095252004,0.239600,0.259313,33.939,42.000,23.377,36.739,,,220352,53.000
uniform,0.3,,16,20,2,10000,15047556648812706709,0.238600,0.259494,33.990,42.090,23.553,37.150,,,220352,53.000
uniform,0.3,,16,20,2,10000,2902184605112092633,0.236400,0.260769,33.836,37.551,23.333,34.245,,,220352,53.000
ge,2,100,16,20,2,10000,5655843632208633965,0.997000,0.000775,34.214,42.220,12.563,34.055,,,220352,53.000
ge,2,100,16,20,2,10000,12771101411199553989,0.997400,0.000794,34.298,42.020,12.393,34.014,,,220352,53.000
ge,2,100,16,20,2,10000,7423117611803382112,0.998100,0.000456,34.028,38.193,12.183,34.005,,,220352,53.000
ge,5,100,16,20,2,10000,12168069475598567449,0.937400,0.021806,34.051,38.813,17.008,34.796,,,220352,53.000
ge,5,100,16,20,2,10000,517259818054268853,0.934300,0.022975,34.240,40.797,17.381,36.349,,,220352,53.000
ge,5,100,16,20,2,10000,13300815041845914242,0.938200,0.021481,33.887,37.962,16.835,34.615,,,220352,53.000
ge,10,100,16,20,2,10000,10692891936501982470,0.848200,0.066069,33.801,37.571,18.647,34.535,,,220352,53.000
ge,10,100,16,20,2,10000,4494288146112073192,0.834500,0.073144,33.787,37.632,18.768,34.225,,,220352,53.000
ge,10,100,16,20,2,10000,16685656405309940127,0.837400,0.071013,33.737,36.840,18.588,34.526,,,220352,53.000
ge,20,100,16,20,2,10000,16104384287319761060,0.729000,0.149462,33.925,38.213,19.850,34.185,,,220352,53.000
ge,20,100,16,20,2,10000,2838543217496002299,0.725000,0.153206,33.814,37.922,18.869,34.716,,,220352,53.000
ge,20,100,16,20,2,10000,3738279474750154684,0.721100,0.150494,33.742,36.940,19.937,34.164,,,220352,53.000
ge,2,1000,16,20,2,10000,11393526310790074622,1.000000,0.000000,33.790,37.350,11.256,34.034,,,220352,53.000
ge,2,1000,16,20,2,10000,13205437793907255171,0.999800,0.000063,33.807,37.721,11.583,26.040,,,220352,53.000
ge,2,1000,16,20,2,10000,6833454253416958338,1.000000,0.000000,33.820,37.651,11.641,25.809,,,220352,53.000
ge,5,1000,16,20,2,10000,7151630668630474281,0.993500,0.002406,33.805,37.762,16.485,34.205,,,220352,53.000
ge,5,1000,16,20,2,10000,14568751496134153103,0.995500,0.001544,33.765,37.390,15.337,34.085,,,220352,53.000
ge,5,1000,16,20,2,10000,17499070887374079749,0.995000,0.001750,33.772,37.231,16.577,34.245,,,220352,53.000
ge,10,1000,16,20,2,10000,13107204923123786441,0.982200,0.007556,33.847,37.661,17.802,34.365,,,220352,53.000
ge,10,1000,16,20,2,10000,2511438970983019221,0.982200,0.007594,34.073,42.250,19.337,36.950,,,220352,53.000
ge,10,1000,16,20,2,10000,15090850938986560210,0.986600,0.005506,34.028,38.443,19.070,35.527,,,220352,53.000
ge,20,1000,16,20,2,10000,14483775453952726797,0.967700,0.017194,33.865,38.042,19.324,34.325,,,220352,53.000
ge,20,1000,16,20,2,10000,3636276828964317331,0.968600,0.017394,33.979,42.060,19.520,35.337,,,220352,53.000
ge,20,1000,16,20,2,10000,2901367164063788440,0.965500,0.019113,33.873,37.762,19.439,34.486,,,220352,53.000
periodic,5,1,16,20,2,10000,16151464828561914068,1.000000,0.000000,33.972,38.152,30.044,38.142,,,220352,53.000
periodic,5,1,16,20,2,10000,2336773793428611835,1.000000,0.000000,34.021,38.322,30.142,38.042,,,220352,53.000
periodic,5,1,16,20,2,10000,3323886281495400305,1.000000,0.000000,34.031,42.049,30.162,42.400,,,220352,53.000
periodic,10,1,16,20,2,10000,3964710227823358130,1.000000,0.000000,33.965,37.972,34.252,38.253,,,220352,53.000
periodic,10,1,16,20,2,10000,16359779052482426788,1.000000,0.000000,33.785,37.201,34.133,37.461,,,220352,53.000
periodic,10,1,16,20,2,10000,14629341384587690447,1.000000,0.000000,33.779,37.201,34.132,37.581,,,220352,53.000
periodic,20,1,16,20,2,10000,15934619405723521991,1.000000,0.000000,33.740,36.870,17.077,19.637,,,220352,53.000
periodic,20,1,16,20,2,10000,7232186310333893900,1.000000,0.000000,33.780,37.401,17.208,20.208,,,220352,53.000
periodic,20,1,16,20,2,10000,13411884019584772961,1.000000,0.000000,33.779,37.010,17.084,19.888,,,220352,53.000
uniform,0.01,,16,20,4,10000,11953136823623860475,1.000000,0.000000,33.751,36.980,9.281,17.113,,,279232,101.000
uniform,0.01,,16,20,4,10000,983848837808471607,1.000000,0.000000,33.737,36.910,9.266,17.122,,,279232,101.000
uniform,0.01,,16,20,4,10000,17651289927419581953,1.000000,0.000000,33.766,36.880,9.439,17.192,,,279232,101.000
uniform,0.05,,16,20,4,10000,5081565642278915755,0.998200,0.000475,33.726,36.900,12.096,28.223,,,279232,101.000
uniform,0.05,,16,20,4,10000,1316234413238669921,0.997100,0.000769,33.742,36.980,12.219,26.160,,,279232,101.000
uniform,0.05,,16,20,4,10000,15771597908606724154,0.997900,0.000544,33.787,37.050,12.232,27.292,,,279232,101.000
uniform,0.1,,16,20,4,10000,1703430287772473763,0.958600,0.011131,33.726,37.000,15.902,34.034,,,279232,101.000
uniform,0.1,,16,20,4,10000,12222941590721521552,0.962100,0.010238,33.805,37.231,15.739,34.025,,,279232,101.000
uniform,0.1,,16,20,4,10000,16635311953392015715,0.958400,0.010937,33.755,37.050,15.866,34.025,,,279232,101.000
uniform,0.2,,16,20,4,10000,16894696993183205763,0.629500,0.108331,33.808,37.141,20.766,34.144,,,279232,101.000
uniform,0.2,,16,20,4,10000,16966819923336731721,0.625600,0.110056,33.798,37.270,20.879,34.175,,,279232,101.000
uniform,0.2,,16,20,4,10000,10104703753311148580,0.629600,0.108412,33.815,37.381,20.844,34.134,,,279232,101.000
uniform,0.3,,16,20,4,10000,6225159089086292389,0.236900,0.260325,33.809,37.330,23.240,34.786,,,279232,101.000
uniform,0.3,,16,20,4,10000,5148659483111352852,0.242700,0.257525,33.968,37.451,23.206,34.175,,,279232,101.000
uniform,0.3,,16,20,4,10000,14940845347926513629,0.235300,0.261412,33.894,37.371,23.235,34.615,,,279232,101.000
ge,2,100,16,20,4,10000,14844721274026085361,0.999900,0.000025,33.790,37.451,10.485,25.549,,,279232,101.000
ge,2,100,16,20,4,10000,8586208769850748834,0.999900,0.000019,33.781,37.271,10.530,25.538,,,279232,101.000
ge,2,100,16,20,4,10000,11275968619796829320,0.999700,0.000081,33.801,37.481,10.478,25.548,,,279232,101.000
ge,5,100,16,20,4,10000,2096695311261542900,0.969700,0.008806,33.787,37.030,14.426,34.024,,,279232,101.000
ge,5,100,16,20,4,10000,3255803560740981439,0.970200,0.009169,33.733,37.170,14.667,34.025,,,279232,101.000
ge,5,100,16,20,4,10000,1901635956216648871,0.972400,0.008719,33.793,37.220,14.359,34.024,,,279232,101.000
ge,10,100,16,20,4,10000,3022230205057099045,0.859000,0.051112,33.837,37.421,17.009,34.075,,,279232,101.000
ge,10,100,16,20,4,10000,4845135493079304214,0.865900,0.046906,33.896,37.561,17.636,34.144,,,279232,101.000
ge,10,100,16,20,4,10000,2141772143642849370,0.858000,0.050706,34.002,42.040,17.250,34.145,,,279232,101.000
ge,20,100,16,20,4,10000,13019207112823338437,0.705500,0.135569,33.914,38.212,19.797,34.575,,,279232,101.000
ge,20,100,16,20,4,10000,8541172020011746724,0.695800,0.135869,33.848,37.391,19.533,34.245,,,279232,101.000
ge,20,100,16,20,4,10000,14250676165631510217,0.707000,0.135181,33.849,37.611,18.963,34.124,,,279232,101.000
ge,2,1000,16,20,4,10000,10172240868846109701,1.000000,0.000000,34.045,39.896,9.524,17.563,,,279232,101.000
ge,2,1000,16,20,4,10000,14859612522185514505,1.000000,0.000000,33.983,42.030,9.807,17.814,,,279232,101.000
ge,2,1000,16,20,4,10000,4867079147883006028,1.000000,0.000000,34.118,42.040,9.906,27.542,,,279232,101.000
ge,5,1000,16,20,4,10000,1719425963129505937,0.997400,0.000588,33.991,41.759,13.621,33.994,,,279232,101.000
ge,5,1000,16,20,4,10000,1725908807718832596,0.998400,0.000588,33.950,38.493,13.552,34.055,,,279232,101.000
ge,5,1000,16,20,4,10000,541999573495345190,0.997600,0.000794,33.827,37.842,14.672,34.035,,,279232,101.000
ge,10,1000,16,20,4,10000,9042282380875144283,0.990000,0.003425,33.787,37.571,17.147,34.095,,,279232,101.000
ge,10,1000,16,20,4,10000,18298051806219956780,0.986900,0.004488,33.787,37.351,16.024,34.055,,,279232,101.000
ge,10,1000,16,20,4,10000,9544007096160660172,0.988100,0.004481,34.063,39.084,17.267,35.016,,,279232,101.000
ge,20,1000,16,20,4,10000,8095863689058998485,0.962900,0.015931,33.906,37.802,18.134,36.089,,,279232,101.000
ge,20,1000,16,20,4,10000,225333435006192998,0.969300,0.013437,34.031,38.644,18.497,35.948,,,279232,101.000
ge,20,1000,16,20,4,10000,2972059491042079723,0.965600,0.015219,33.879,37.391,17.796,34.615,,,279232,101.000
periodic,5,1,16,20,4,10000,4250926770304335992,1.000000,0.000000,34.082,40.266,27.948,37.932,,,279232,101.000
periodic,5,1,16,20,4,10000,4882939626656093863,1.000000,0.000000,33.836,37.171,27.749,34.566,,,279232,101.000
periodic,5,1,16,20,4,10000,13578227087532086000,1.000000,0.000000,33.767,37.171,27.721,34.997,,,279232,101.000
periodic,10,1,16,20,4,10000,11644991910866927056,1.000000,0.000000,33.807,37.180,29.913,37.241,,,279232,101.000
periodic,10,1,16,20,4,10000,1541269258349093645,1.000000,0.000000,33.743,36.950,29.849,36.900,,,279232,101.000
periodic,10,1,16,20,4,10000,2261583134310070537,1.000000,0.000000,33.773,36.749,29.815,36.890,,,279232,101.000
periodic,20,1,16,20,4,10000,1696006597405750429,1.000000,0.000000,33.753,36.870,34.060,37.330,,,279232,101.000
periodic,20,1,16,20,4,10000,1330744608893431371,1.000000,0.000000,33.737,36.800,34.042,37.160,,,279232,101.000
periodic,20,1,16,20,4,10000,15803912787972228154,1.000000,0.000000,33.792,37.131,34.068,37.371,,,279232,101.000
uniform,0.01,,16,20,8,10000,10066436749325440550,1.000000,0.000000,33.936,41.990,9.301,17.132,,,396992,197.000
uniform,0.01,,16,20,8,10000,18342586345570215544,1.000000,0.000000,33.863,37.491,9.629,17.142,,,396992,197.000
uniform,0.01,,16,20,8,10000,11011204689825837990,1.000000,0.000000,33.827,37.621,9.347,17.132,,,396992,197.000
uniform,0.05,,16,20,8,10000,3865337401344205264,0.996700,0.000875,33.916,38.834,12.418,29.806,,,396992,197.000
uniform,0.05,,16,20,8,10000,16502513460656898187,0.998200,0.000463,33.751,36.970,12.154,26.270,,,396992,197.000
uniform,0.05,,16,20,8,10000,6870688178285229573,0.997200,0.000687,34.018,42.019,12.268,33.984,,,396992,197.000
uniform,0.1,,16,20,8,10000,8618675118549177330,0.954400,0.012025,34.031,42.090,15.698,34.055,,,396992,197.000
uniform,0.1,,16,20,8,10000,1790978584730944186,0.957100,0.011206,33.847,37.751,15.762,34.035,,,396992,197.000
uniform,0.1,,16,20,8,10000,5490014732505563138,0.957900,0.011081,33.769,37.511,15.685,34.025,,,396992,197.000
uniform,0.2,,16,20,8,10000,6597319869315878650,0.634200,0.107275,33.778,37.631,20.656,34.155,,,396992,197.000
uniform,0.2,,16,20,8,10000,6259437772251286472,0.634500,0.107131,33.792,37.681,20.884,34.185,,,396992,197.000
uniform,0.2,,16,20,8,10000,1370887826650022611,0.633100,0.108675,33.908,38.523,20.947,34.626,,,396992,197.000
uniform,0.3,,16,20,8,10000,13981479777062952282,0.233300,0.259169,33.828,37.661,23.780,36.590,,,396992,197.000
uniform,0.3,,16,20,8,10000,10835753649986731863,0.240300,0.259044,33.917,38.062,23.564,36.540,,,396992,197.000
uniform,0.3,,16,20,8,10000,16570192758891244019,0.231700,0.261106,33.890,37.781,23.283,36.690,,,396992,197.000
ge,2,100,16,20,8,10000,6607416017815918404,1.000000,0.000000,33.860,37.511,10.212,25.508,,,396992,197.000
ge,2,100,16,20,8,10000,9979963292437679414,0.999900,0.000031,33.861,37.241,10.388,25.518,,,396992,197.000
ge,2,100,16,20,8,10000,15370884890711560980,1.000000,0.000000,33.808,37.270,10.163,25.499,,,396992,197.000
ge,5,100,16,20,8,10000,14659387116012806140,0.990500,0.002456,33.892,37.881,13.080,34.014,,,396992,197.000
ge,5,100,16,20,8,10000,12778403254139645128,0.989600,0.002713,33.798,37.340,13.088,33.974,,,396992,197.000
ge,5,100,16,20,8,10000,14882448335998704906,0.989800,0.002856,33.851,37.701,12.780,33.975,,,396992,197.000
ge,10,100,16,20,8,10000,13901596669736415528,0.897900,0.031719,33.896,37.682,16.302,34.064,,,396992,197.000
ge,10,100,16,20,8,10000,13871590350562488924,0.903800,0.028806,33.932,37.391,16.610,34.094,,,396992,197.000
ge,10,100,16,20,8,10000,8869214163071550049,0.908100,0.026594,33.835,37.882,16.562,34.064,,,396992,197.000
ge,20,100,16,20,8,10000,7250287784458816285,0.695000,0.115812,33.823,37.420,17.818,34.145,,,396992,197.000
ge,20,100,16,20,8,10000,10760317606470725319,0.684500,0.120237,33.881,37.361,18.248,34.475,,,396992,197.000
ge,20,100,16,20,8,10000,13220682168496525074,0.727400,0.101175,33.798,37.511,18.954,34.204,,,396992,197.000
ge,2,1000,16,20,8,10000,763107844984035483,1.000000,0.000000,33.769,36.950,10.126,17.313,,,396992,197.000
ge,2,1000,16,20,8,10000,187285861549612627,1.000000,0.000000,33.917,38.192,8.925,15.019,,,396992,197.000
ge,2,1000,16,20,8,10000,5183154458756615406,1.000000,0.000000,34.062,39.014,9.053,17.263,,,396992,197.000
ge,5,1000,16,20,8,10000,10484294204088161024,0.999700,0.000037,33.830,37.491,10.580,25.669,,,396992,197.000
ge,5,1000,16,20,8,10000,13130079886962750911,0.999800,0.000037,33.789,37.160,10.210,25.539,,,396992,197.000
ge,5,1000,16,20,8,10000,12613613112944566026,0.999900,0.000031,33.761,37.040,10.536,30.518,,,396992,197.000
ge,10,1000,16,20,8,10000,2323723813457224338,0.997000,0.001156,33.819,37.651,14.431,34.085,,,396992,197.000
ge,10,1000,16,20,8,10000,12237344300040376031,0.995700,0.001337,34.146,43.512,14.428,34.235,,,396992,197.000
ge,10,1000,16,20,8,10000,11549702265866552561,0.997900,0.000650,33.772,37.181,13.824,34.044,,,396992,197.000
ge,20,1000,16,20,8,10000,11860937817477629583,0.982600,0.007238,34.612,51.819,16.697,42.411,,,396992,197.000
ge,20,1000,16,20,8,10000,15569091525646485940,0.969900,0.010112,34.455,46.909,17.443,42.390,,,396992,197.000
ge,20,1000,16,20,8,10000,16833256391801281573,0.962900,0.013237,33.725,36.620,16.847,34.064,,,396992,197.000
periodic,5,1,16,20,8,10000,17907789014967572164,1.000000,0.000000,34.163,41.900,28.146,40.206,,,396992,197.000
periodic,5,1,16,20,8,10000,7300125417375630894,1.000000,0.000000,34.467,44.715,28.334,39.936,,,396992,197.000
periodic,5,1,16,20,8,10000,4894049668322857054,1.000000,0.000000,33.750,37.070,27.673,34.495,,,396992,197.000
periodic,10,1,16,20,8,10000,2491873258843531290,1.000000,0.000000,33.844,37.682,27.767,36.539,,,396992,197.000
periodic,10,1,16,20,8,10000,3615015631125737377,1.000000,0.000000,33.855,37.902,27.760,36.780,,,396992,197.000
periodic,10,1,16,20,8,10000,4727881701113147916,1.000000,0.000000,33.980,40.958,27.879,37.451,,,396992,197.000
periodic,20,1,16,20,8,10000,8190384919858402962,1.000000,0.000000,33.752,37.181,29.780,37.060,,,396992,197.000
periodic,20,1,16,20,8,10000,1028203356068223931,1.000000,0.000000,33.961,38.192,30.028,37.811,,,396992,197.000
periodic,20,1,16,20,8,10000,2685929118409487685,1.000000,0.000000,33.751,36.970,29.803,36.900,,,396992,197.000
